<?xml version="1.0" encoding="UTF-8" standalone="yes"?>
<resourceMap bestPracticeId="CO-015">
    <item id="title">CO-015</item>
    <item id="recommendation">Audit or disable technical support mode for ESXi.</item>
    <item id="justification"><![CDATA[ESXi has a technical support mode, which is an interactive command line available only on the console of the ESXi host. Technical support mode is unsupported unless used in consultation with VMware Technical Support and must be activated before it can be used. Access to this mode requires the root password and is intended for use only in emergencies.<P></P><P></P>Disable technical support mode and verify that adequate auditing is in place to monitor its use.<P></P><P></P>ESXi 5.x: The ESXi Shell (formerly known as Tech Support Mode) provides essential maintenance commands which can be used in exceptional cases which cannot be handled through standard remote management or CLI tools. The ESXi Shell is primarily intended for use in break-fix scenarios.<P></P><P></P><B>References: </B><P></P><P></P><B>Product and Version:</B> ESXi 5.x<P></P><P></P><I>VMware ESXi/ESX 4.1 and ESXi 5.0 Comparison<br/></I><A TARGET="_blank" HREF="http://kb.vmware.com/kb/2005377">http://kb.vmware.com/kb/2005377</A><P></P><P></P><I>Using ESXi Shell in ESXi 5.x</I><br/><A TARGET="_blank" HREF="http://kb.vmware.com/kb/2004746">http://kb.vmware.com/kb/2004746</A><P></P><P></P><B>Comparison:</B><P></P><P></P><I>Using Tech Support Mode in ESXi 4.1 and ESXi 5.x</I><br/><A TARGET="_blank" HREF="http://kb.vmware.com/kb/1017910">http://kb.vmware.com/kb/1017910</A><P></P><P></P><P></P><I>Tech Support Mode for Emergency Support</I><br/><A TARGET="_blank" HREF="http://kb.vmware.com/kb/1003677">http://kb.vmware.com/kb/1003677</A>]]></item>
    <item id="justificationWordML"><![CDATA[<w:p><w:pPr><w:pStyle w:val="BodyText"/></w:pPr><w:r><w:t>ESXi has a technical support mode, which is an interactive command line available only on the console of the ESXi host. Technical support mode is unsupported unless used in consultation with VMware Technical Support and must be activated before it can be used. Access to this mode requires the root password and is intended for use only in emergencies.</w:t></w:r></w:p><w:p><w:pPr><w:pStyle w:val="BodyText"/></w:pPr><w:r><w:t>Disable technical support mode and verify that adequate auditing is in place to monitor its use.</w:t></w:r></w:p><w:p><w:pPr><w:pStyle w:val="BodyText"/><w:rPr><w:rFonts w:cs="Times New Roman"/></w:rPr></w:pPr><w:r><w:t xml:space="preserve">ESXi 5.x: The ESXi Shell </w:t></w:r><w:r><w:t>(</w:t></w:r><w:r><w:t>formerly known as Tech Support Mode</w:t></w:r><w:r><w:t>)</w:t></w:r><w:r><w:t xml:space="preserve"> provides essential maintenance commands which can be used in exceptional cases which cannot be handled through standard remote management or CLI tools. The ESXi Shell is primarily intended for use in break-fix scenarios.</w:t></w:r></w:p><w:p><w:r><w:rPr><w:b/></w:rPr><w:t xml:space="preserve">References: </w:t></w:r></w:p><w:p><w:pPr><w:pStyle w:val="BodyText"/></w:pPr><w:r><w:rPr><w:b/></w:rPr><w:t>Product and Version:</w:t></w:r><w:r><w:t xml:space="preserve"> ESXi 5.x</w:t></w:r></w:p><w:p><w:pPr><w:pStyle w:val="BodyText"/><w:rPr><w:rStyle w:val="Hyperlink"/></w:rPr></w:pPr><w:r><w:rPr><w:rStyle w:val="Emphasis"/></w:rPr><w:t>VMware ESXi/ESX 4.1 and ESXi 5.</w:t></w:r><w:r><w:rPr><w:rStyle w:val="Emphasis"/></w:rPr><w:t>0</w:t></w:r><w:r><w:rPr><w:rStyle w:val="Emphasis"/></w:rPr><w:t xml:space="preserve"> Comparison</w:t></w:r><w:r><w:rPr><w:rStyle w:val="Emphasis"/></w:rPr><w:br/></w:r><w:r><w:fldChar w:fldCharType="begin"/></w:r><w:r><w:instrText xml:space="preserve"> HYPERLINK "http://kb.vmware.com/kb/2005377" </w:instrText></w:r><w:r><w:fldChar w:fldCharType="separate"/></w:r><w:r><w:rPr><w:rStyle w:val="Hyperlink"/></w:rPr><w:t>http://kb.vmware.com/kb/2005377</w:t></w:r><w:r><w:fldChar w:fldCharType="end"/></w:r></w:p><w:p><w:pPr><w:pStyle w:val="BodyText"/></w:pPr><w:r><w:rPr><w:rStyle w:val="Emphasis"/></w:rPr><w:t>Using ESXi Shell in ESXi 5.</w:t></w:r><w:r><w:rPr><w:rStyle w:val="Emphasis"/></w:rPr><w:t>x</w:t></w:r><w:r><w:br/></w:r><w:r><w:fldChar w:fldCharType="begin"/></w:r><w:r><w:instrText xml:space="preserve"> HYPERLINK "http://kb.vmware.com/kb/2004746" </w:instrText></w:r><w:r><w:fldChar w:fldCharType="separate"/></w:r><w:r><w:rPr><w:rStyle w:val="Hyperlink"/></w:rPr><w:t>http://kb.vmware.com/kb/2004746</w:t></w:r><w:r><w:fldChar w:fldCharType="end"/></w:r></w:p><w:p><w:pPr><w:pStyle w:val="BodyText"/><w:rPr><w:b/></w:rPr></w:pPr><w:r><w:rPr><w:b/></w:rPr><w:t>Comparison:</w:t></w:r></w:p><w:p><w:pPr><w:pStyle w:val="BodyText"/><w:rPr><w:rStyle w:val="Emphasis"/></w:rPr></w:pPr><w:r><w:rPr><w:rStyle w:val="Emphasis"/></w:rPr><w:t>Using Tech Support Mode in ESXi 4.1 and ESXi 5.</w:t></w:r><w:r><w:rPr><w:rStyle w:val="Emphasis"/></w:rPr><w:t>x</w:t></w:r><w:r><w:rPr><w:rStyle w:val="Emphasis"/></w:rPr><w:br/></w:r><w:r><w:rPr><w:rStyle w:val="Emphasis"/></w:rPr><w:fldChar w:fldCharType="begin"/></w:r><w:r><w:rPr><w:rStyle w:val="Emphasis"/></w:rPr><w:instrText xml:space="preserve"> HYPERLINK "http://kb.vmware.com/kb/1017910</w:instrText></w:r></w:p><w:p><w:pPr><w:pStyle w:val="BodyText"/><w:rPr><w:rStyle w:val="Hyperlink"/></w:rPr></w:pPr><w:r><w:rPr><w:rStyle w:val="Emphasis"/></w:rPr><w:instrText xml:space="preserve">" </w:instrText></w:r><w:r><w:rPr><w:rStyle w:val="Emphasis"/></w:rPr><w:fldChar w:fldCharType="separate"/></w:r><w:r><w:rPr><w:rStyle w:val="Hyperlink"/></w:rPr><w:t>http://kb.vmware.com/kb/1017910</w:t></w:r></w:p><w:p><w:r><w:fldChar w:fldCharType="end"/></w:r><w:r><w:rPr><w:rStyle w:val="Emphasis"/></w:rPr><w:t>Tech Support Mode for Emergency Support</w:t></w:r><w:r><w:rPr><w:rStyle w:val="Hyperlink"/></w:rPr><w:br/></w:r><w:r><w:fldChar w:fldCharType="begin"/></w:r><w:r><w:instrText xml:space="preserve"> HYPERLINK "http://kb.vmware.com/kb/1003677" </w:instrText></w:r><w:r><w:fldChar w:fldCharType="separate"/></w:r><w:r><w:rPr><w:rStyle w:val="Hyperlink"/></w:rPr><w:t>http://kb.vmware.com/kb/1003677</w:t></w:r><w:r><w:fldChar w:fldCharType="end"/></w:r></w:p>]]></item>
    <item id="LocalTSMEnabled2Finding.text">Local Tech Support Mode has been enabled or configured to start automatically on host '{NAME}'.</item>
    <item id="LocalTSMEnabled2Observation.text">Local Tech Support Mode has been enabled or configured to start automatically on {AFFECTED_OBJECTS_COUNT} host(s).</item>
</resourceMap>
