<?xml version="1.0" encoding="UTF-8" standalone="yes"?>
<resourceMap bestPracticeId="CO-009">
    <item id="title">CO-009</item>
    <item id="recommendation">Avoid installing unsupported third-party agents in the ESX service console (ESX only).</item>
    <item id="justification"><![CDATA[Installing agents in the ESX service console impacts availability, performance, and security of the ESX host. Agents consume additional resources from the service console and because they are third-party agents, they can impact availability and compromise the security of the ESX host.<P></P><P></P>Check with your software vendor for an appropriate version of the software that can be deployed outside the service console and use the vSphere API. Current versions of the hypervisor are COS-less (ESXi), and it is a good idea to start reducing dependence on the service console.<P></P><P></P><B>Product and Version:</B> ESXi 5.1<P></P><P></P><B><FONT color="000000">Improved SNMP monitoring with SNMPv3 authentication and SSL encryption</FONT></B><P></P><P></P><B>Product and Version:</B> ESXi 5.0<P></P><P></P>VMware ESXi 5.0 adds the capability to convert CIM indications to SNMP traps. Check with your hardware vendor to see whether their CIM provider supports this functionality. In addition, ESXi 5.0 now supports the Host Resources MIB (RFC 2790) and allows for finer control over the types of traps sent by the SNMP agent.<P></P><P></P><B>Product and Version:</B> ESX 4.x<P></P><P></P>VMware vSphere 4 uses the Common Information Model (CIM) for monitoring of hardware resources. This output is readable by third-party management tools using standard APIs and is integrated with VMware vCenter Server and available from the VMware vSphere Client. The VMware vSphere Management Assistant (vMA) allows administrators and developers to run scripts and agents to manage ESX/ESXi and vCenter Server systems.<P></P><P></P>vCenter Server alarms can be configured to send alerts and perform actions when hardware failures occur.<P></P><P></P><B>References: </B><P></P><P></P><I>VMware Compatibility Guides</I><br/><A TARGET="_blank" HREF="http://www.vmware.com/resources/guides.html">http://www.vmware.com/resources/guides.html</A><P></P><P></P><I>vSphere Management Assistant Documentation</I><br/><A TARGET="_blank" HREF="http://www.vmware.com/support/developer/vima/">http://www.vmware.com/support/developer/vima/</A><P></P><P></P><I>vSphere 5.x Hardening Guide<br/></I><A TARGET="_blank" HREF="http://communities.vmware.com/docs/DOC-19605">http://communities.vmware.com/docs/DOC-19605</A><P></P><P></P><I>VMware ESXi/ESX 4.1 and ESXi 5.0 Comparison </I><br/><A TARGET="_blank" HREF="http://kb.vmware.com/kb/2005377">http://kb.vmware.com/kb/2005377</A>]]></item>
    <item id="justificationWordML"><![CDATA[<w:p><w:pPr><w:pStyle w:val="BodyText"/></w:pPr><w:r><w:t>Installing agents in the ESX service console impacts availability, performance, and security of the ESX host. Agents consume additional resources from the service console and because they are third-party agents, they can impact availability and compromise the security of the ESX host.</w:t></w:r></w:p><w:p><w:pPr><w:pStyle w:val="BodyText"/></w:pPr><w:r><w:t xml:space="preserve">Check with your software vendor for an appropriate version of the software that can be deployed outside the service console and use the vSphere API. </w:t></w:r><w:r><w:t xml:space="preserve">Current </w:t></w:r><w:r><w:t xml:space="preserve">versions of the hypervisor </w:t></w:r><w:r><w:t>are</w:t></w:r><w:r><w:t xml:space="preserve"> COS-less (ESXi), and it is a good idea to start reducing dependence on the service console.</w:t></w:r></w:p><w:p><w:pPr><w:pStyle w:val="BodyText"/></w:pPr><w:r><w:rPr><w:b/></w:rPr><w:t>Product and Version:</w:t></w:r><w:r><w:t xml:space="preserve"> ESXi 5.1</w:t></w:r></w:p><w:p><w:pPr><w:pStyle w:val="BodyText"/><w:rPr><w:b/></w:rPr></w:pPr><w:r><w:rPr><w:rFonts w:cs="Gotham Narrow Light"/><w:color w:val="000000"/><w:sz w:val="18"/><w:szCs w:val="18"/></w:rPr><w:t>Improved SNMP monitoring with SNMPv3 authentication and SSL encryption</w:t></w:r></w:p><w:p><w:pPr><w:pStyle w:val="BodyText"/></w:pPr><w:r><w:rPr><w:b/></w:rPr><w:t>Product and Version:</w:t></w:r><w:r><w:t xml:space="preserve"> ESXi 5.0</w:t></w:r></w:p><w:p><w:pPr><w:pStyle w:val="BodyText"/></w:pPr><w:r><w:t>VMware ESXi 5.0 adds the capability to convert CIM indications to SNMP traps. Check with your hardware vendor to see whether their CIM provider supports this functionality. In addition, ESXi 5.0 now supports the Host Resources MIB (RFC 2790) and allows for finer control over the types of traps sent by the SNMP agent.</w:t></w:r></w:p><w:p><w:pPr><w:pStyle w:val="BodyText"/></w:pPr><w:r><w:rPr><w:b/></w:rPr><w:t>Product and Version:</w:t></w:r><w:r><w:t xml:space="preserve"> ESX 4.x</w:t></w:r></w:p><w:p><w:pPr><w:pStyle w:val="BodyText"/></w:pPr><w:r><w:t xml:space="preserve">VMware vSphere 4 uses the Common Information Model (CIM) for monitoring of hardware resources. This output is readable by third-party management tools </w:t></w:r><w:r><w:t xml:space="preserve">using </w:t></w:r><w:r><w:t xml:space="preserve">standard APIs and is integrated with VMware vCenter Server and available from </w:t></w:r><w:r><w:t xml:space="preserve">the </w:t></w:r><w:r><w:t xml:space="preserve">VMware </w:t></w:r><w:r><w:t xml:space="preserve">vSphere Client. The </w:t></w:r><w:r><w:t xml:space="preserve">VMware </w:t></w:r><w:r><w:t>vSphere Management Assistant (vMA) allows administrators and developers to run scripts and agents to manage ESX/ESXi and vCenter Server systems.</w:t></w:r></w:p><w:p><w:pPr><w:pStyle w:val="BodyText"/><w:rPr><w:rFonts w:cs="Times New Roman"/></w:rPr></w:pPr><w:r><w:t>vCenter Server alarms can be configured to send alerts and perform actions when hardware failures occur.</w:t></w:r></w:p><w:p><w:r><w:rPr><w:b/></w:rPr><w:t xml:space="preserve">References: </w:t></w:r></w:p><w:p><w:r><w:rPr><w:rStyle w:val="Emphasis"/></w:rPr><w:t>VMware Compatibility Guides</w:t></w:r><w:r><w:br/></w:r><w:r><w:fldChar w:fldCharType="begin"/></w:r><w:r><w:instrText xml:space="preserve"> HYPERLINK "http://www.vmware.com/resources/guides.html" </w:instrText></w:r><w:r><w:fldChar w:fldCharType="separate"/></w:r><w:r><w:rPr><w:rStyle w:val="Hyperlink"/></w:rPr><w:t>http://www.vmware.com/resources/guides.html</w:t></w:r><w:r><w:fldChar w:fldCharType="end"/></w:r></w:p><w:p><w:pPr><w:rPr><w:rStyle w:val="Hyperlink"/></w:rPr></w:pPr><w:r><w:rPr><w:rStyle w:val="Emphasis"/></w:rPr><w:t>vSphere Management Assistant Documentation</w:t></w:r><w:r><w:br/></w:r><w:r><w:fldChar w:fldCharType="begin"/></w:r><w:r><w:instrText xml:space="preserve"> HYPERLINK "http://www.vmware.com/support/developer/vima/" </w:instrText></w:r><w:r><w:fldChar w:fldCharType="separate"/></w:r><w:r><w:rPr><w:rStyle w:val="Hyperlink"/></w:rPr><w:t>http://www.vmware.com/support/developer/vima/</w:t></w:r><w:r><w:fldChar w:fldCharType="end"/></w:r></w:p><w:p><w:pPr><w:pStyle w:val="BodyText"/><w:rPr><w:rStyle w:val="Hyperlink"/></w:rPr></w:pPr><w:r><w:rPr><w:rStyle w:val="Emphasis"/></w:rPr><w:t>vSphere 5.x Hardening Guide</w:t></w:r><w:r><w:rPr><w:rStyle w:val="Emphasis"/></w:rPr><w:br/></w:r><w:r><w:fldChar w:fldCharType="begin"/></w:r><w:r><w:instrText xml:space="preserve"> HYPERLINK "http://communities.vmware.com/docs/DOC-19605" </w:instrText></w:r><w:r><w:fldChar w:fldCharType="separate"/></w:r><w:r><w:rPr><w:rStyle w:val="Hyperlink"/></w:rPr><w:t>http://communities.vmware.com/docs/DOC-19605</w:t></w:r><w:r><w:fldChar w:fldCharType="end"/></w:r></w:p><w:p><w:pPr><w:pStyle w:val="BodyText"/><w:rPr><w:i/><w:iCs/></w:rPr></w:pPr><w:r><w:rPr><w:rStyle w:val="Emphasis"/></w:rPr><w:t>VMware ESXi/ESX 4.1 and ESXi 5.0 Comparison</w:t></w:r><w:r w:rsidDel="00C51DE8"><w:rPr><w:rStyle w:val="Emphasis"/></w:rPr><w:t xml:space="preserve"> </w:t></w:r><w:r><w:rPr><w:rStyle w:val="Emphasis"/></w:rPr><w:br/></w:r><w:r><w:fldChar w:fldCharType="begin"/></w:r><w:r><w:instrText xml:space="preserve"> HYPERLINK "http://kb.vmware.com/kb/2005377" </w:instrText></w:r><w:r><w:fldChar w:fldCharType="separate"/></w:r><w:r><w:rPr><w:rStyle w:val="Hyperlink"/></w:rPr><w:t>http://kb.vmware.com/kb/2005377</w:t></w:r><w:r><w:fldChar w:fldCharType="end"/></w:r></w:p>]]></item>
</resourceMap>
