<?xml version="1.0" encoding="UTF-8" standalone="yes"?>
<resourceMap bestPracticeId="CO-001">
    <item id="title">CO-001</item>
    <item id="recommendation">Use VMware ESXi for new host deployments. Begin migrating existing VMware ESX hosts to ESXi.</item>
    <item id="justification"><![CDATA[VMware vSphere 4.1 was the last release to support both the ESX and ESXi hypervisor architectures. Current vSphere releases support only the ESXi architecture.<P></P><P></P>VMware recommends that:<UL><LI>New vSphere deployments use ESXi.</LI><LI>Existing vSphere 4.x or older ESX deployments are migrated to ESXi.</LI></UL>]]></item>
    <item id="justificationWordML"><![CDATA[<w:p><w:pPr><w:pStyle w:val="BodyText"/></w:pPr><w:r><w:t xml:space="preserve">VMware vSphere 4.1 </w:t></w:r><w:r><w:t xml:space="preserve">was </w:t></w:r><w:r><w:t xml:space="preserve">the last release to support both the ESX and ESXi hypervisor architectures. </w:t></w:r><w:r><w:t xml:space="preserve">Current </w:t></w:r><w:r><w:t xml:space="preserve">vSphere releases support </w:t></w:r><w:r><w:t xml:space="preserve">only </w:t></w:r><w:r><w:t>the ESXi architecture.</w:t></w:r></w:p><w:p><w:pPr><w:pStyle w:val="BodyText"/><w:keepNext/><w:keepLines/><w:spacing w:before="0"/><w:rPr><w:iCs/></w:rPr></w:pPr><w:r><w:t>VMware recommends that:</w:t></w:r></w:p><w:p><w:pPr><w:pStyle w:val="BulletList1"/><w:rPr><w:iCs/><w:lang w:val="en-US"/></w:rPr></w:pPr><w:r><w:rPr><w:lang w:val="en-US"/></w:rPr><w:t>New vSphere deployments use ESXi.</w:t></w:r></w:p><w:p><w:pPr><w:pStyle w:val="BulletList1"/><w:rPr><w:rFonts w:cs="Times New Roman"/><w:lang w:val="en-US"/></w:rPr></w:pPr><w:r><w:rPr><w:lang w:val="en-US"/></w:rPr><w:t xml:space="preserve">Existing vSphere 4.x or older ESX deployments </w:t></w:r><w:r><w:rPr><w:lang w:val="en-US"/></w:rPr><w:t>are</w:t></w:r><w:r><w:rPr><w:lang w:val="en-US"/></w:rPr><w:t xml:space="preserve"> migrated to ESXi.</w:t></w:r></w:p>]]></item>
    <item id="nonEsxiHostFinding.text">Host '{NAME}' ({PRODUCT_VERSION}) can be migrated to ESXi.</item>
    <item id="nonEsxiHostObservation.text">{AFFECTED_OBJECTS_COUNT} host(s) can be migrated to ESXi.</item>
</resourceMap>