<?xml version="1.0" encoding="UTF-8" standalone="yes"?>
<resourceMap bestPracticeId="CO-017">
    <item id="title">CO-017</item>
    <item id="recommendation">Configure Remote Tech Support Mode (SSH) per customer security and manageability requirements.</item>
    <item id="justification"><![CDATA[Remote Tech Support Mode enables a command-line interface on the ESX host that may be accessed through a remote SSH session.<P></P><P></P>The correct setting for this feature depends upon customer requirements that weigh manageability against security. If increased manageability is the priority, enable Remote Tech Support Mode. If security concerns are more important than the manageability gains, disable Remote Tech Support Mode.<P></P><P></P>Under normal circumstances, it is recommended that remote access to the hosts using SSH be disabled. <P></P><P></P><B>References: </B><P></P><P></P><I>&quot;ESXi&quot; tab in vSphere Security Hardening Guide </I> <br/><A TARGET="_blank" HREF="http://communities.vmware.com/docs/DOC-19605">http://communities.vmware.com/docs/DOC-19605</A>]]></item>
    <item id="justificationWordML"><![CDATA[<w:p><w:pPr><w:pStyle w:val="BodyText"/></w:pPr><w:r><w:t>Remote Tech Support Mode enables a command-line interface on the ESX host that may be accessed through a remote SSH session.</w:t></w:r></w:p><w:p><w:pPr><w:pStyle w:val="BodyText"/></w:pPr><w:r><w:t>The correct setting for this feature depends upon customer requirements that weigh manageability against security. If increased manageability is the priority, enable Remote Tech Support Mode. If security concerns are more important than the manageability gains, disable Remote Tech Support Mode.</w:t></w:r></w:p><w:p><w:pPr><w:pStyle w:val="BodyText"/></w:pPr><w:r><w:rPr><w:rFonts w:cs="Times New Roman"/></w:rPr><w:t>Under normal circumstances</w:t></w:r><w:r><w:rPr><w:rFonts w:cs="Times New Roman"/></w:rPr><w:t>,</w:t></w:r><w:r><w:rPr><w:rFonts w:cs="Times New Roman"/></w:rPr><w:t xml:space="preserve"> it is recommended that remote access to </w:t></w:r><w:r><w:rPr><w:rFonts w:cs="Times New Roman"/></w:rPr><w:t xml:space="preserve">the </w:t></w:r><w:r><w:rPr><w:rFonts w:cs="Times New Roman"/></w:rPr><w:t>host</w:t></w:r><w:r><w:rPr><w:rFonts w:cs="Times New Roman"/></w:rPr><w:t>s</w:t></w:r><w:r><w:rPr><w:rFonts w:cs="Times New Roman"/></w:rPr><w:t xml:space="preserve"> using SSH </w:t></w:r><w:r><w:rPr><w:rFonts w:cs="Times New Roman"/></w:rPr><w:t>be</w:t></w:r><w:r><w:rPr><w:rFonts w:cs="Times New Roman"/></w:rPr><w:t xml:space="preserve"> disabled.</w:t></w:r><w:r><w:rPr><w:rFonts w:cs="Times New Roman"/></w:rPr><w:t xml:space="preserve"> </w:t></w:r></w:p><w:p><w:r><w:rPr><w:b/></w:rPr><w:t xml:space="preserve">References: </w:t></w:r></w:p><w:p><w:pPr><w:pStyle w:val="BodyText"/><w:rPr><w:rFonts w:cs="Times New Roman"/><w:i/><w:iCs/></w:rPr></w:pPr><w:r><w:t>"</w:t></w:r><w:r><w:t>ESXi"</w:t></w:r><w:r><w:t xml:space="preserve"> tab in </w:t></w:r><w:r><w:rPr><w:rStyle w:val="Emphasis"/></w:rPr><w:t>vSphere Security Hardening Guide</w:t></w:r><w:r><w:br/></w:r><w:r><w:fldChar w:fldCharType="begin"/></w:r><w:r><w:instrText xml:space="preserve"> HYPERLINK "http://communities.vmware.com/docs/DOC-19605" </w:instrText></w:r><w:r><w:fldChar w:fldCharType="separate"/></w:r><w:r><w:rPr><w:rStyle w:val="Hyperlink"/></w:rPr><w:t>http://communities.vmware.com/docs/DOC-19605</w:t></w:r><w:r><w:fldChar w:fldCharType="end"/></w:r></w:p>]]></item>
    <item id="dataquery.HostRemoteTSM.title">Host Remote TSM</item>
    <item id="RemoteTSMEnabledFinding.text">Remote Tech Support Mode (SSH) has been enabled or configured to start automatically on host '{NAME}'.</item>
    <item id="RemoteTSMEnabledObservation.text">Remote Tech Support Mode (SSH) has been enabled or configured to start automatically on {AFFECTED_OBJECTS_COUNT} host(s).</item>
</resourceMap>
