<?xml version="1.0" encoding="UTF-8" standalone="yes"?>
<resourceMap bestPracticeId="CO-005">
    <item id="title">CO-005</item>
    <item id="recommendation">Check CPU compatibility for VMware vSphere vMotion and VMware vSphere Fault Tolerance (FT).</item>
    <item id="justification"><![CDATA[vMotion and FT have specific CPU requirements. Reviewing the compatibility during planning helps to achieve the best availability through host clusters and primary/failover host pairings.<P></P><P></P><B>Product and Version:</B> ESX 4.x and ESXi 5.x<P></P><P></P>vMotion support requires specific CPU features for vMotion compatibility. Use the CPUID tool provided by VMware to check for vMotion compatibility and Enhanced vMotion Compatibility (EVC).<P></P><P></P>Fault Tolerance (FT) has specific hardware compatibility and software configuration compatibility requirements. Use the VMware SiteSurvey tool to produce a report showing compatibility with FT.<P></P><P></P><B>References: </B><P></P><P></P><I>Enhanced vMotion Compatibility processor support</I><br/><A TARGET="_blank" HREF="http://kb.vmware.com/selfservice/microsites/search.do?cmd=displayKC&amp;docType=ex&amp;bbid=TSEBB_1284051097186&amp;url=&amp;stateId=1%200%20374814193&amp;dialogID=374804554&amp;docTypeID=DT_KB_1_1&amp;externalId=1003212&amp;sliceId=2&amp;rfId=">Knowledge Base</A><P></P><P></P><I>VMware vMotion and CPU Compatibility<br/></I><A TARGET="_blank" HREF="http://www.vmware.com/files/pdf/vmotion_info_guide.pdf">http://www.vmware.com/files/pdf/vmotion_info_guide.pdf</A><P></P><P></P><I>VMware SiteSurvey<br/></I><A TARGET="_blank" HREF="http://www.vmware.com/download/shared_utilities.html">http://www.vmware.com/download/shared_utilities.html</A><P></P><P></P><I>CPU Identification Utility<br/></I><A TARGET="_blank" HREF="http://www.vmware.com/download/shared_utilities.html">http://www.vmware.com/download/shared_utilities.html</A>]]></item>
    <item id="justificationWordML"><![CDATA[<w:p><w:pPr><w:pStyle w:val="BodyText"/></w:pPr><w:r><w:t>vMotion and FT have specific CPU requirements. Reviewing the compatibility during planning helps to achieve the best availability through host clusters and primary/failover host pairings.</w:t></w:r></w:p><w:p><w:pPr><w:pStyle w:val="BodyText"/></w:pPr><w:r><w:rPr><w:b/></w:rPr><w:t>Product and Version:</w:t></w:r><w:r><w:t xml:space="preserve"> ESX 4.x</w:t></w:r><w:r><w:t xml:space="preserve"> and ESXi 5.</w:t></w:r><w:r><w:t>x</w:t></w:r></w:p><w:p><w:pPr><w:pStyle w:val="BodyText"/></w:pPr><w:r><w:t>vMotion support requires specific CPU features for vMotion compatibility. Use the CPUID tool provided by VMware to check for vMotion compatibility and Enhanced vMotion Compatibility (EVC).</w:t></w:r></w:p><w:p><w:pPr><w:pStyle w:val="BodyText"/><w:rPr><w:rFonts w:cs="Times New Roman"/></w:rPr></w:pPr><w:r><w:t>Fault Tolerance (FT) has specific hardware compatibility and software configuration compatibility requirements. Use the VMware SiteSurvey tool to produce a report showing compatibility with FT.</w:t></w:r></w:p><w:p><w:r><w:rPr><w:b/></w:rPr><w:t xml:space="preserve">References: </w:t></w:r></w:p><w:p><w:pPr><w:rPr><w:i/></w:rPr></w:pPr><w:r><w:rPr><w:rStyle w:val="Emphasis"/></w:rPr><w:t xml:space="preserve">Enhanced vMotion Compatibility </w:t></w:r><w:r><w:rPr><w:rStyle w:val="Emphasis"/></w:rPr><w:t>p</w:t></w:r><w:r><w:rPr><w:rStyle w:val="Emphasis"/></w:rPr><w:t xml:space="preserve">rocessor </w:t></w:r><w:r><w:rPr><w:rStyle w:val="Emphasis"/></w:rPr><w:t>s</w:t></w:r><w:r><w:rPr><w:rStyle w:val="Emphasis"/></w:rPr><w:t>upport</w:t></w:r><w:r><w:rPr><w:rStyle w:val="Emphasis"/></w:rPr><w:br/></w:r><w:r><w:fldChar w:fldCharType="begin"/></w:r><w:r><w:instrText xml:space="preserve"> HYPERLINK "http://kb.vmware.com/selfservice/microsites/search.do?cmd=displayKC&amp;docType=ex&amp;bbid=TSEBB_1284051097186&amp;url=&amp;stateId=1%200%20374814193&amp;dialogID=374804554&amp;docTypeID=DT_KB_1_1&amp;externalId=1003212&amp;sliceId=2&amp;rfId=" </w:instrText></w:r><w:r><w:fldChar w:fldCharType="separate"/></w:r><w:r><w:rPr><w:rStyle w:val="Hyperlink"/></w:rPr><w:t>Knowledge Base</w:t></w:r><w:r><w:fldChar w:fldCharType="end"/></w:r></w:p><w:p><w:pPr><w:pStyle w:val="BodyText"/></w:pPr><w:r><w:rPr><w:i/></w:rPr><w:t>VMware v</w:t></w:r><w:r><w:rPr><w:i/></w:rPr><w:t>Motion and CPU Compatibility</w:t></w:r><w:r><w:rPr><w:i/></w:rPr><w:br/></w:r><w:r><w:fldChar w:fldCharType="begin"/></w:r><w:r><w:instrText xml:space="preserve"> HYPERLINK "http://www.vmware.com/files/pdf/vmotion_info_guide.pdf" </w:instrText></w:r><w:r><w:fldChar w:fldCharType="separate"/></w:r><w:r><w:rPr><w:rStyle w:val="Hyperlink"/></w:rPr><w:t>http://www.vmware.com/files/pdf/vmotion_info_guide.pdf</w:t></w:r><w:r><w:fldChar w:fldCharType="end"/></w:r></w:p><w:p><w:pPr><w:pStyle w:val="BodyText"/></w:pPr><w:r><w:rPr><w:rStyle w:val="Emphasis"/></w:rPr><w:t>VMware SiteSurvey</w:t></w:r><w:r><w:rPr><w:rStyle w:val="Emphasis"/></w:rPr><w:br/></w:r><w:r><w:fldChar w:fldCharType="begin"/></w:r><w:r><w:instrText xml:space="preserve"> HYPERLINK "http://www.vmware.com/download/shared_utilities.html" </w:instrText></w:r><w:r><w:fldChar w:fldCharType="separate"/></w:r><w:r><w:rPr><w:rStyle w:val="Hyperlink"/></w:rPr><w:t>http://www.vmware.com/download/shared_utilities.html</w:t></w:r><w:r><w:fldChar w:fldCharType="end"/></w:r></w:p><w:p><w:pPr><w:pStyle w:val="BodyText"/><w:rPr><w:rFonts w:cs="Times New Roman"/></w:rPr></w:pPr><w:r><w:rPr><w:rStyle w:val="Emphasis"/></w:rPr><w:t xml:space="preserve">CPU </w:t></w:r><w:r><w:rPr><w:rStyle w:val="Emphasis"/></w:rPr><w:t>Identification Utility</w:t></w:r><w:r><w:rPr><w:rStyle w:val="Emphasis"/></w:rPr><w:br/></w:r><w:r><w:fldChar w:fldCharType="begin"/></w:r><w:r><w:instrText xml:space="preserve"> HYPERLINK "http://www.vmware.com/download/shared_utilities.html" </w:instrText></w:r><w:r><w:fldChar w:fldCharType="separate"/></w:r><w:r><w:rPr><w:rStyle w:val="Hyperlink"/></w:rPr><w:t>http://www.vmware.com/download/shared_utilities.html</w:t></w:r><w:r><w:fldChar w:fldCharType="end"/></w:r></w:p>]]></item>
</resourceMap>
