<?xml version="1.0" encoding="UTF-8" standalone="yes"?>
<resourceMap bestPracticeId="CO-013">
    <item id="title">CO-013</item>
    <item id="recommendation">Limit remote access to hosts by root. Manage the VMware virtual infrastructure using vCenter Server or VMware vSphere Client using a named administrative account.</item>
    <item id="justification"><![CDATA[Manage the VMware virtual infrastructure using named administrative accounts with the appropriate level of access rather than the default superuser <I>root</I> or <I>administrator</I> account. Using named user accounts provides auditability and traceability for changes and actions on the VMware virtual infrastructure.<P></P><P></P>Manage the VMware virtual infrastructure using the vCenter Server or vSphere Client instead of managing the ESX/ESXi host directly. For some administrative and bulk operations on VMware virtual infrastructure objects, use vCLI or PowerCLI. vCLI can be made available by deploying a vSphere Management Assistant (vMA) appliance in the environment.<P></P><P></P>Managing ESX hosts using these tools and reducing dependence on the service console allows for easier migration to a COS-less hypervisor (ESXi). The best measure to prevent security incidents is to avoid accessing the hosts directly using the root account.<P></P><P></P><B>References: </B><P></P><P></P>&quot;vNetwork&quot; tab in <I>vSphere 5.x Security Hardening Guide<br/></I><A TARGET="_blank" HREF="http://communities.vmware.com/docs/DOC-19605">http://communities.vmware.com/docs/DOC-19605</A>]]></item>
    <item id="justificationWordML"><![CDATA[<w:p><w:pPr><w:pStyle w:val="BodyText"/></w:pPr><w:r><w:t xml:space="preserve">Manage the </w:t></w:r><w:r><w:t xml:space="preserve">VMware </w:t></w:r><w:r><w:t xml:space="preserve">virtual infrastructure using named administrative accounts with the appropriate level of access rather than the default superuser </w:t></w:r><w:r><w:rPr><w:rStyle w:val="Emphasis"/></w:rPr><w:t>root</w:t></w:r><w:r><w:t xml:space="preserve"> or </w:t></w:r><w:r><w:rPr><w:rStyle w:val="Emphasis"/></w:rPr><w:t>administrator</w:t></w:r><w:r><w:t xml:space="preserve"> account. Using named user accounts provides auditability and traceability for changes and actions on the </w:t></w:r><w:r><w:t xml:space="preserve">VMware </w:t></w:r><w:r><w:t>virtual infrastructure.</w:t></w:r></w:p><w:p><w:pPr><w:pStyle w:val="BodyText"/></w:pPr><w:r><w:t xml:space="preserve">Manage the </w:t></w:r><w:r><w:t xml:space="preserve">VMware </w:t></w:r><w:r><w:t xml:space="preserve">virtual infrastructure using the vCenter Server or vSphere Client instead of managing the ESX/ESXi host directly. For </w:t></w:r><w:r><w:t xml:space="preserve">some </w:t></w:r><w:r><w:t xml:space="preserve">administrative and bulk operations on </w:t></w:r><w:r><w:t xml:space="preserve">VMware </w:t></w:r><w:r><w:t>virtual infrastructure objects, use vCLI or PowerCLI. vCLI can be made available by deploying a vSphere Management Assistant (vMA) appliance in the environment.</w:t></w:r></w:p><w:p><w:pPr><w:pStyle w:val="BodyText"/></w:pPr><w:r><w:t>Managing ESX hosts using these tools and reducing dependence on the service console allows for easier migration to a COS-less hypervisor (ESXi). The best measure to prevent security incidents is to avoid accessing the hosts directly using the root account.</w:t></w:r></w:p><w:p><w:r><w:rPr><w:b/></w:rPr><w:t xml:space="preserve">References: </w:t></w:r></w:p><w:p><w:pPr><w:pStyle w:val="BodyText"/><w:rPr><w:color w:val="1F497D"/></w:rPr></w:pPr><w:r><w:rPr><w:rStyle w:val="Emphasis"/><w:i w:val="0"/><w:iCs w:val="0"/></w:rPr><w:t>"</w:t></w:r><w:r><w:rPr><w:rStyle w:val="Emphasis"/><w:i w:val="0"/><w:iCs w:val="0"/></w:rPr><w:t>vNetwork</w:t></w:r><w:r><w:rPr><w:rStyle w:val="Emphasis"/><w:i w:val="0"/><w:iCs w:val="0"/></w:rPr><w:t>"</w:t></w:r><w:r><w:rPr><w:rStyle w:val="Emphasis"/></w:rPr><w:t xml:space="preserve"> </w:t></w:r><w:r><w:t>tab in</w:t></w:r><w:r><w:rPr><w:rStyle w:val="Emphasis"/></w:rPr><w:t xml:space="preserve"> vSphere 5.x Security Hardening Guide</w:t></w:r><w:r><w:rPr><w:rStyle w:val="Hyperlink"/><w:i/></w:rPr><w:br/></w:r><w:r><w:fldChar w:fldCharType="begin"/></w:r><w:r><w:instrText xml:space="preserve"> HYPERLINK "http://communities.vmware.com/docs/DOC-19605" </w:instrText></w:r><w:r><w:fldChar w:fldCharType="separate"/></w:r><w:r><w:rPr><w:rStyle w:val="Hyperlink"/></w:rPr><w:t>http://communities.vmware.com/docs/DOC-19605</w:t></w:r><w:r><w:fldChar w:fldCharType="end"/></w:r></w:p>]]></item>
</resourceMap>
