<?xml version="1.0" encoding="UTF-8" standalone="yes"?>
<resourceMap bestPracticeId="CO-018">
    <item id="title">CO-018</item>
    <item id="recommendation">Enable Tech Support Mode timeout feature (ESX) / ESXi Shell timeout feature (ESXi) and configure it per customer security and manageability requirements.</item>
    <item id="justification"><![CDATA[Tech Support Mode timeout feature automatically logs out unused command-line shells to prevent unauthorized access (applicable to ESX).<P></P><P></P>In ESXi, the ESXi Shell Timeout feature automatically logs out unused ESXi Shell sessions to prevent unauthorized access (applicable to ESXi).<P></P><P></P>Set a timeout that does not disrupt the standard VMware administrator workflow. Setting appropriate timeout also avoids indefinite idle connection and unwanted privileged host access.<P></P><P></P><B>References: </B><P></P><P></P>&quot;ESXi&quot; tab in <I>vSphere Security Hardening Guide</I><br/><A TARGET="_blank" HREF="http://communities.vmware.com/docs/DOC-19605">http://communities.vmware.com/docs/DOC-19605</A>]]></item>
    <item id="justificationWordML"><![CDATA[<w:p><w:pPr><w:pStyle w:val="BodyText"/></w:pPr><w:r><w:t>Tech Support Mode timeout feature automatically logs out unused command-line shells to prevent unauthorized access</w:t></w:r><w:r><w:t xml:space="preserve"> (</w:t></w:r><w:r><w:t>a</w:t></w:r><w:r><w:t xml:space="preserve">pplicable to </w:t></w:r><w:r><w:t>ESX)</w:t></w:r><w:r><w:t>.</w:t></w:r></w:p><w:p><w:pPr><w:pStyle w:val="BodyText"/></w:pPr><w:r><w:t xml:space="preserve">In ESXi, </w:t></w:r><w:r><w:t xml:space="preserve">the </w:t></w:r><w:r><w:t>ESXi Shell Timeout feature automatically logs out unused ESXi Shell sessions to prevent unauthorized access</w:t></w:r><w:r><w:t xml:space="preserve"> (</w:t></w:r><w:r><w:t>a</w:t></w:r><w:r><w:t>pplicable to ESXi)</w:t></w:r><w:r><w:t>.</w:t></w:r></w:p><w:p><w:pPr><w:pStyle w:val="BodyText"/><w:rPr><w:rFonts w:cs="Times New Roman"/></w:rPr></w:pPr><w:r><w:t xml:space="preserve">Set a timeout that </w:t></w:r><w:r><w:t xml:space="preserve">does </w:t></w:r><w:r><w:t>not disrupt the standard VMware administrator workflow.</w:t></w:r><w:r><w:t xml:space="preserve"> </w:t></w:r><w:r><w:rPr><w:rFonts w:cs="Times New Roman"/></w:rPr><w:t xml:space="preserve">Setting appropriate timeout also </w:t></w:r><w:r><w:t>avoids indefinite idle connection and unwanted privileged host access.</w:t></w:r></w:p><w:p><w:r><w:rPr><w:b/></w:rPr><w:t xml:space="preserve">References: </w:t></w:r></w:p><w:p><w:pPr><w:pStyle w:val="BodyText"/><w:rPr><w:rFonts w:cs="Times New Roman"/></w:rPr></w:pPr><w:r><w:t>"</w:t></w:r><w:r><w:t>ESXi"</w:t></w:r><w:r><w:t xml:space="preserve"> tab in </w:t></w:r><w:r><w:rPr><w:rStyle w:val="Emphasis"/></w:rPr><w:t>vSphere Security Hardening Guide</w:t></w:r><w:r><w:br/></w:r><w:r><w:fldChar w:fldCharType="begin"/></w:r><w:r><w:instrText xml:space="preserve"> HYPERLINK "http://communities.vmware.com/docs/DOC-19605" </w:instrText></w:r><w:r><w:fldChar w:fldCharType="separate"/></w:r><w:r><w:rPr><w:rStyle w:val="Hyperlink"/></w:rPr><w:t>http://communities.vmware.com/docs/DOC-19605</w:t></w:r><w:r><w:fldChar w:fldCharType="end"/></w:r></w:p>]]></item>
    <item id="TSMTimeoutNotEnabledFinding.text">Tech Support Mode (TSM) timeout is not enabled for host '{NAME}'.</item>
    <item id="TSMTimeoutNotEnabledObservation.text">Tech Support Mode (TSM) timeout is not enabled for {AFFECTED_OBJECTS_COUNT} host(s).</item>
</resourceMap>
