<?xml version="1.0" encoding="UTF-8" standalone="yes"?>
<resourceMap bestPracticeId="CO-003">
    <item id="title">CO-003</item>
    <item id="recommendation">Verify that all hardware in the system is on the compatibility list for ESX/ESXi.</item>
    <item id="justification"><![CDATA[It is important to use hardware on this compatibility list to get support from VMware.<P></P><P></P>Check the online VMware Compatibility Guide for systems, I/O devices, operating systems, and storage arrays for compatibility with VMware products.<P></P><P></P><B>References: </B><P></P><P></P><I>VMware Compatibility Guide</I><br/><A TARGET="_blank" HREF="http://www.vmware.com/resources/compatibility/search.php">http://www.vmware.com/resources/compatibility/search.php</A>]]></item>
    <item id="justificationWordML"><![CDATA[<w:p><w:pPr><w:pStyle w:val="BodyText"/></w:pPr><w:r><w:t>It is important to use hardware on this compatibility list to get support from VMware.</w:t></w:r></w:p><w:p><w:pPr><w:pStyle w:val="BodyText"/><w:rPr><w:rFonts w:cs="Times New Roman"/></w:rPr></w:pPr><w:r><w:t>Check the online VMware Compatibility Guide for systems, I/O devices, operating systems, and storage arrays for compatibility with VMware products.</w:t></w:r></w:p><w:p><w:r><w:rPr><w:b/></w:rPr><w:t xml:space="preserve">References: </w:t></w:r></w:p><w:p><w:pPr><w:pStyle w:val="BodyText"/><w:rPr><w:rFonts w:cs="Times New Roman"/></w:rPr></w:pPr><w:r><w:rPr><w:rStyle w:val="Emphasis"/></w:rPr><w:t>VMware Compatibility Guide</w:t></w:r><w:r><w:rPr><w:rStyle w:val="BodyTextChar"/></w:rPr><w:br/></w:r><w:r><w:fldChar w:fldCharType="begin"/></w:r><w:r><w:instrText xml:space="preserve"> HYPERLINK "http://www.vmware.com/resources/compatibility/search.php" </w:instrText></w:r><w:r><w:fldChar w:fldCharType="separate"/></w:r><w:r><w:rPr><w:rStyle w:val="Hyperlink"/></w:rPr><w:t>http://www.vmware.com/resources/compatibility/search.php</w:t></w:r><w:r><w:fldChar w:fldCharType="end"/></w:r></w:p>]]></item>
</resourceMap>
