<?xml version="1.0" encoding="UTF-8" standalone="yes"?>
<resourceMap bestPracticeId="CO-012">
    <item id="title">CO-012</item>
    <item id="recommendation">Configure firewall rules and ports according to best practices.</item>
    <item id="justification"><![CDATA[The default firewall rules are configured to provide adequate security while allowing communication with the appropriate VMware virtual infrastructure components.<P></P><P></P>Unless required to enable communication for VMware virtual infrastructure services, avoid changing firewall rules as this can introduce additional security issues. It is recommended to leave the default security firewall settings in place, which block all incoming and outgoing traffic that is not associated with enabled service.<P></P><P></P>If you enable a service and open ports for it, document the changes, including the purpose for opening each port. Consistently make the changes on all the appropriate ESX/ESXi hosts.<P></P><P></P>Avoid changing the default ports unless necessary. ESXi 5.0 firewall provides a new access control capability for ESXi. It does not allow per-network filtering of vMotion traffic. Therefore, it is recommended to install rules on the external firewall so that no incoming connections can be made to the vMotion socket. The firewall is enabled by default and allows Internet Control Message Protocol (ICMP) pings and communication with DHCP and DNS (UDP only) clients.<P></P><P></P><B>References: </B><P></P><P></P>&quot;VM&quot; and &quot;ESXi&quot; tabs in <I>VMware Hardening Guide.<br/></I><A TARGET="_blank" HREF="http://communities.vmware.com/docs/DOC-19605">http://communities.vmware.com/docs/DOC-19605</A><P></P><P></P><I>TCP and UDP Ports required to access vCenter Server, ESX hosts, and other network components</I><br/><A TARGET="_blank" HREF="http://kb.vmware.com/kb/1012382">http://kb.vmware.com/kb/1012382</A><P></P><P></P>&quot;TCP and UDP Ports&quot; section in <I>vSphere Security Guide</I><br/><A TARGET="_blank" HREF="http://pubs.vmware.com/vsphere-50/topic/com.vmware.ICbase/PDF/vsphere-esxi-vcenter-server-50-security-guide.pdf">http://pubs.vmware.com/vsphere-50/topic/com.vmware.ICbase/PDF/vsphere-esxi-vcenter-server-50-security-guide.pdf</A><P></P><P></P><I>About the ESXi 5.0 firewall</I><br/><A TARGET="_blank" HREF="http://kb.vmware.com/kb/2005284">http://kb.vmware.com/kb/2005284</A>]]></item>
    <item id="justificationWordML"><![CDATA[<w:p><w:pPr><w:pStyle w:val="BodyText"/></w:pPr><w:r><w:t xml:space="preserve">The default firewall rules are configured to provide adequate security while allowing communication with the appropriate </w:t></w:r><w:r><w:t xml:space="preserve">VMware </w:t></w:r><w:r><w:t>virtual infrastructure components.</w:t></w:r></w:p><w:p><w:pPr><w:pStyle w:val="BodyText"/></w:pPr><w:r><w:t xml:space="preserve">Unless required to enable communication for </w:t></w:r><w:r><w:t xml:space="preserve">VMware </w:t></w:r><w:r><w:t xml:space="preserve">virtual infrastructure services, avoid changing firewall rules as this can introduce additional security issues. It is </w:t></w:r><w:r><w:t xml:space="preserve">recommended </w:t></w:r><w:r><w:t>to leave the default security firewall settings in place, which block all incoming and outgoing traffic that is not associated with enabled service.</w:t></w:r></w:p><w:p><w:pPr><w:pStyle w:val="BodyText"/></w:pPr><w:r><w:t>If you enable a service and open ports for it, document the changes, including the purpose for opening each port. Consistently make the changes on all the appropriate ESX/ESXi hosts.</w:t></w:r></w:p><w:p><w:pPr><w:pStyle w:val="BodyText"/><w:rPr><w:rFonts w:cs="Times New Roman"/></w:rPr></w:pPr><w:r><w:t>Avoid changing the default ports unless necessary</w:t></w:r><w:r><w:t xml:space="preserve">. </w:t></w:r><w:r><w:t xml:space="preserve">ESXi 5.0 </w:t></w:r><w:r><w:t>firewall</w:t></w:r><w:r><w:t xml:space="preserve"> </w:t></w:r><w:r><w:t>provides a new access control capability for ESXi.</w:t></w:r><w:r><w:t xml:space="preserve"> </w:t></w:r><w:r><w:t>It does not allow per-network filtering of vMotion traffic. Therefore,</w:t></w:r><w:r><w:t xml:space="preserve"> it is recommended to </w:t></w:r><w:r><w:t xml:space="preserve">install rules on </w:t></w:r><w:r><w:t xml:space="preserve">the </w:t></w:r><w:r><w:t xml:space="preserve">external firewall </w:t></w:r><w:r><w:t xml:space="preserve">so </w:t></w:r><w:r><w:t>that no incoming connections can be made to the vMotion socket. The firewall is enabled by default and allows Internet Control Message Protocol (ICMP) pings and communication with DHCP and DNS (UDP only) clients.</w:t></w:r></w:p><w:p><w:r><w:rPr><w:b/></w:rPr><w:t xml:space="preserve">References: </w:t></w:r></w:p><w:p><w:pPr><w:pStyle w:val="BodyText"/><w:rPr><w:color w:val="1F497D"/></w:rPr></w:pPr><w:r><w:t>"</w:t></w:r><w:r><w:t>VM"</w:t></w:r><w:r><w:t xml:space="preserve"> </w:t></w:r><w:r><w:t xml:space="preserve">and "</w:t></w:r><w:r><w:t>ESXi"</w:t></w:r><w:r><w:t xml:space="preserve"> </w:t></w:r><w:r><w:t>tabs</w:t></w:r><w:r><w:t xml:space="preserve"> </w:t></w:r><w:r><w:t xml:space="preserve">in </w:t></w:r><w:r><w:rPr><w:i/></w:rPr><w:t xml:space="preserve">VMware </w:t></w:r><w:r><w:rPr><w:i/></w:rPr><w:t>Hardening Guide.</w:t></w:r><w:r><w:rPr><w:i/></w:rPr><w:br/></w:r><w:r><w:fldChar w:fldCharType="begin"/></w:r><w:r><w:instrText xml:space="preserve"> HYPERLINK "http://communities.vmware.com/docs/DOC-19605" </w:instrText></w:r><w:r><w:fldChar w:fldCharType="separate"/></w:r><w:r><w:rPr><w:rStyle w:val="Hyperlink"/></w:rPr><w:t>http://communities.vmware.com/docs/DOC-19605</w:t></w:r><w:r><w:fldChar w:fldCharType="end"/></w:r></w:p><w:p><w:pPr><w:pStyle w:val="BodyText"/><w:rPr><w:rStyle w:val="Hyperlink"/></w:rPr></w:pPr><w:r><w:rPr><w:rStyle w:val="Emphasis"/></w:rPr><w:t>TCP and UDP Ports required to access vCenter Server, ESX hosts, and other network components</w:t></w:r><w:r><w:br/></w:r><w:r><w:fldChar w:fldCharType="begin"/></w:r><w:r><w:instrText xml:space="preserve"> HYPERLINK "http://kb.vmware.com/kb/1012382" </w:instrText></w:r><w:r><w:fldChar w:fldCharType="separate"/></w:r><w:r><w:rPr><w:rStyle w:val="Hyperlink"/></w:rPr><w:t>http://kb.vmware.com/kb/1012382</w:t></w:r><w:r><w:fldChar w:fldCharType="end"/></w:r></w:p><w:p><w:pPr><w:pStyle w:val="BodyText"/><w:rPr><w:rStyle w:val="Hyperlink"/><w:rFonts w:cs="Times New Roman"/><w:color w:val="auto"/><w:u w:val="none"/></w:rPr></w:pPr><w:r><w:rPr><w:rFonts w:cs="Times New Roman"/></w:rPr><w:t xml:space="preserve">"TCP and UDP Ports" section in </w:t></w:r><w:r><w:rPr><w:rStyle w:val="Emphasis"/></w:rPr><w:t>vSphere Security Guide</w:t></w:r><w:r><w:rPr><w:rFonts w:cs="Times New Roman"/></w:rPr><w:br/></w:r><w:r><w:fldChar w:fldCharType="begin"/></w:r><w:r><w:instrText xml:space="preserve"> HYPERLINK "http://pubs.vmware.com/vsphere-50/topic/com.vmware.ICbase/PDF/vsphere-esxi-vcenter-server-50-security-guide.pdf" </w:instrText></w:r><w:r><w:fldChar w:fldCharType="separate"/></w:r><w:r><w:rPr><w:rStyle w:val="Hyperlink"/></w:rPr><w:t>http://pubs.vmware.com/vsphere-50/topic/com.vmware.ICbase/PDF/vsphere-esxi-vcenter-server-50-security-guide.pdf</w:t></w:r><w:r><w:fldChar w:fldCharType="end"/></w:r></w:p><w:p><w:pPr><w:pStyle w:val="BodyText"/><w:rPr><w:i/></w:rPr></w:pPr><w:r><w:rPr><w:rStyle w:val="Emphasis"/></w:rPr><w:t>About the ESXi 5.0 firewall</w:t></w:r><w:r><w:rPr><w:i/></w:rPr><w:br/></w:r><w:r><w:fldChar w:fldCharType="begin"/></w:r><w:r><w:instrText xml:space="preserve"> HYPERLINK "http://kb.vmware.com/kb/2005284" </w:instrText></w:r><w:r><w:fldChar w:fldCharType="separate"/></w:r><w:r><w:rPr><w:rStyle w:val="Hyperlink"/></w:rPr><w:t>http://kb.vmware.com/kb/2005284</w:t></w:r><w:r><w:fldChar w:fldCharType="end"/></w:r></w:p>]]></item>
    <item id="dataquery.firewallSummary.title">Firewall Summary</item>
    <item id="dataquery.firewallRulesSummary.title">Firewall Rules Summary</item>
    <item id="hostFirewallInboundOutboundPolicyNotDefaultFinding.text">Default firewall settings for ESX host '{NAME}' have been changed. Policy Name='{PROPERTY_NAME}', Policy Value ='{PROPERTY_VALUE}'.</item>
    <item id="hostFirewallPolicyNotDefaultFinding.text">Default firewall settings for ESX host '{NAME}' have been changed. Ruleset is '{PROPERTY_VALUE}' for Policy '{PROPERTY_NAME}'.</item>
    <item id="hostFirewallPortNotDefaultFinding.text">Default firewall port settings for policy '{PROPERTY_NAME}' for ESX host '{NAME}' have been changed.</item>
    <item id="hostFirewallInboundOutboundPolicyNotDefaultObservation.text">Inbound/Outbound firewall setting(s) have been modified from default for {AFFECTED_OBJECTS_COUNT} ESX host(s).</item>
    <item id="hostFirewallPolicyNotDefaultObservation.text">Default firewall settings have been modified from default for {AFFECTED_OBJECTS_COUNT} ESX host(s).</item>
    <item id="hostFirewallPortNotDefaultObservation.text">Default firewall port settings have been modified from default for {AFFECTED_OBJECTS_COUNT} ESX host(s).</item>
    <item id="HostFirewallSettingsNotDefaultDisclaimer.text">HealthAnalyzer looks for deviations from default firewall settings but is not aware of valid exceptions to the defaults. Some changes to default settings may be necessary to enable valid communication for VMware virtual infrastructure services.</item>
</resourceMap>