<?xml version="1.0" encoding="UTF-8" standalone="yes"?>
<resourceMap bestPracticeId="CO-011">
    <item id="title">CO-011</item>
    <item id="recommendation">If booting from SAN, verify that the datastore is masked and zoned to that particular ESXi host and not shared with other hosts.</item>
    <item id="justification"><![CDATA[This is a VMware requirement that prevents the boot device on shared storage from getting accidentally or intentionally modified or deleted from other hosts that have access to the device. This also prevents other hosts from accidentally or intentionally booting using a different host&apos;s configuration.<P></P><P></P><B>References: </B><P></P><P></P><I>vSphere Storage </I><br/><A TARGET="_blank" HREF="http://pubs.vmware.com/vsphere-50/topic/com.vmware.ICbase/PDF/vsphere-esxi-vcenter-server-501-storage-guide.pdf">http://pubs.vmware.com/vsphere-50/topic/com.vmware.ICbase/PDF/vsphere-esxi-vcenter-server-501-storage-guide.pdf</A>]]></item>
    <item id="justificationWordML"><![CDATA[<w:p><w:pPr><w:pStyle w:val="BodyText"/><w:rPr><w:rFonts w:cs="Times New Roman"/></w:rPr></w:pPr><w:r><w:t xml:space="preserve">This is a VMware requirement that prevents the </w:t></w:r><w:r><w:t>boot device</w:t></w:r><w:r><w:t xml:space="preserve"> on shared storage from getting accidentally or intentionally modified or deleted from other hosts that have access to the </w:t></w:r><w:r><w:t>device</w:t></w:r><w:r><w:t xml:space="preserve">. This also prevents other hosts from accidentally or intentionally booting using a different host's </w:t></w:r><w:r><w:t>configuration</w:t></w:r><w:r><w:t>.</w:t></w:r></w:p><w:p><w:r><w:rPr><w:b/></w:rPr><w:t xml:space="preserve">References: </w:t></w:r></w:p><w:p><w:pPr><w:pStyle w:val="BodyText"/><w:rPr><w:rFonts w:cs="Times New Roman"/><w:i/></w:rPr></w:pPr><w:r><w:rPr><w:i/></w:rPr><w:t>vSphere Storage Guide</w:t></w:r><w:r><w:rPr><w:rFonts w:cs="Times New Roman"/><w:i/></w:rPr><w:br/></w:r><w:r><w:fldChar w:fldCharType="begin"/></w:r><w:r><w:instrText xml:space="preserve"> HYPERLINK "http://pubs.vmware.com/vsphere-50/topic/com.vmware.ICbase/PDF/vsphere-esxi-vcenter-server-501-storage-guide.pdf" </w:instrText></w:r><w:r><w:fldChar w:fldCharType="separate"/></w:r><w:r><w:rPr><w:rStyle w:val="Hyperlink"/></w:rPr><w:t>http://pubs.vmware.com/vsphere-50/topic/com.vmware.ICbase/PDF/vsphere-esxi-vcenter-server-501-storage-guide.pdf</w:t></w:r><w:r><w:fldChar w:fldCharType="end"/></w:r></w:p>]]></item>
</resourceMap>
