<?xml version="1.0" encoding="UTF-8" standalone="yes"?>
<resourceMap bestPracticeId="CO-006">
    <item id="title">CO-006</item>
    <item id="recommendation">Avoid unnecessary changes to advanced parameter settings.</item>
    <item id="justification"><![CDATA[It is typically advisable not to change the default configuration of ESX/ESXi hosts unless recommended in VMware best practices documentation, or directed to by VMware support to address specific issues, Changing these settings can have adverse and unpredictable impact on management, availability or performance of the VMware virtual infrastructure.<P></P><P></P>If an advanced parameter setting is changed, verify that the changes are consistently applied to all applicable hosts within the environment or cluster. Also, follow proper change management procedures and document the configuration changes.<P></P><P></P>The option <TT>das.isolationaddress[X]</TT> (where X is 1-10) is used to configure multiple isolation addresses. Additionally <TT>das.usedefaultisolationaddress</TT> is used to indicate whether the default isolation address (the default gateway) should be used to determine if the host is network isolated. If the default gateway is not able to receive ICMP ping packets, set this option to false. It is recommended to set one isolation address for each management network used, so that the management network links are redundant, as previously mentioned.<P></P><P></P>It is recommended that the advanced parameter <TT>transparent page sharing</TT> is never disabled. Verify that the setting <TT>sched.mem.pshare.enable</TT> is not set to false. Transparent page sharing provides numerous advantages for memory resource management and should not be changed.<P></P><P></P><B>References: </B><P></P><P></P><I>vSphere High Availability Deployment Best Practices<br/></I><A TARGET="_blank" HREF="http://www.vmware.com/files/pdf/techpaper/vmw-vsphere-high-availability.pdf">http://www.vmware.com/files/pdf/techpaper/vmw-vsphere-high-availability.pdf</A><P></P><P></P><I>vSphere Availability </I>guide<I><br/></I><A TARGET="_blank" HREF="http://pubs.vmware.com/vsphere-50/topic/com.vmware.ICbase/PDF/vsphere-esxi-vcenter-server-501-availability-guide.pdf">http://pubs.vmware.com/vsphere-50/topic/com.vmware.ICbase/PDF/vsphere-esxi-vcenter-server-501-availability-guide.pdf</A>]]></item>
    <item id="justificationWordML"><![CDATA[<w:p><w:pPr><w:pStyle w:val="BodyText"/></w:pPr><w:r><w:t xml:space="preserve">It is </w:t></w:r><w:r><w:t>typically</w:t></w:r><w:r><w:t xml:space="preserve"> </w:t></w:r><w:r><w:t>advisable</w:t></w:r><w:r><w:t xml:space="preserve"> </w:t></w:r><w:r><w:t xml:space="preserve">not </w:t></w:r><w:r><w:t>to change the default configuration of ESX/ESXi hosts</w:t></w:r><w:r><w:t xml:space="preserve"> unless </w:t></w:r><w:r><w:t xml:space="preserve">recommended </w:t></w:r><w:r><w:t xml:space="preserve">in </w:t></w:r><w:r><w:t xml:space="preserve">VMware best practices </w:t></w:r><w:r><w:t>documentation</w:t></w:r><w:r><w:t xml:space="preserve">, or </w:t></w:r><w:r><w:t>directed to by</w:t></w:r><w:r><w:t xml:space="preserve"> </w:t></w:r><w:r><w:t>VMware support to address specific issues</w:t></w:r><w:r><w:t xml:space="preserve">, </w:t></w:r><w:r><w:t>Changing these settings</w:t></w:r><w:r><w:t xml:space="preserve"> </w:t></w:r><w:r><w:t xml:space="preserve">can </w:t></w:r><w:r><w:t>have</w:t></w:r><w:r><w:t xml:space="preserve"> </w:t></w:r><w:r><w:t xml:space="preserve">adverse and unpredictable impact on management, availability or performance of the </w:t></w:r><w:r><w:t xml:space="preserve">VMware </w:t></w:r><w:r><w:t>virtual infrastructure.</w:t></w:r></w:p><w:p><w:pPr><w:pStyle w:val="BodyText"/><w:rPr><w:iCs/><w:szCs w:val="20"/></w:rPr></w:pPr><w:r><w:t xml:space="preserve">If an advanced parameter setting </w:t></w:r><w:r><w:t xml:space="preserve">is </w:t></w:r><w:r><w:t>changed, verify that the changes are consistently applied to all applicable hosts within the environment or cluster. Also, follow proper change management procedures and document the configuration changes.</w:t></w:r></w:p><w:p><w:pPr><w:pStyle w:val="BodyText"/></w:pPr><w:r><w:t xml:space="preserve">The option </w:t></w:r><w:r><w:rPr><w:rStyle w:val="CommandFilename"/></w:rPr><w:t>das.isolationaddress[X]</w:t></w:r><w:r><w:t xml:space="preserve"> (where X is 1-10) is used to configure multiple isolation addresses. Additionally </w:t></w:r><w:r><w:rPr><w:rStyle w:val="CommandFilename"/></w:rPr><w:t>das.usedefaultisolationaddress</w:t></w:r><w:r><w:t xml:space="preserve"> is used to indicate whether the default isolation address (the default gateway) should be used to determine if the host is network isolated. If the default gateway is not able to receive ICMP ping packets, set this option to false. It is recommended to set one isolation address for each</w:t></w:r><w:r><w:t xml:space="preserve"> </w:t></w:r><w:r><w:t xml:space="preserve">management network used, </w:t></w:r><w:r><w:t xml:space="preserve">so </w:t></w:r><w:r><w:t xml:space="preserve">that the management network links </w:t></w:r><w:r><w:t xml:space="preserve">are </w:t></w:r><w:r><w:t>redundant, as previously mentioned.</w:t></w:r></w:p><w:p><w:pPr><w:pStyle w:val="BodyText"/><w:rPr><w:rFonts w:cs="Times New Roman"/></w:rPr></w:pPr><w:r><w:t xml:space="preserve">It is recommended that the advanced parameter </w:t></w:r><w:r><w:rPr><w:rStyle w:val="CommandFilename"/></w:rPr><w:t>transparent page sharing</w:t></w:r><w:r><w:t xml:space="preserve"> is never disabled. Verify that the setting </w:t></w:r><w:r><w:rPr><w:rStyle w:val="CommandFilename"/></w:rPr><w:t>sched.mem.pshare.enable</w:t></w:r><w:r><w:t xml:space="preserve"> is not set to false.</w:t></w:r><w:r><w:t xml:space="preserve"> Transparent page sharing provides numerous advantages for memory resource management and should not be changed.</w:t></w:r></w:p><w:p><w:r><w:rPr><w:b/></w:rPr><w:t xml:space="preserve">References: </w:t></w:r></w:p><w:p><w:pPr><w:pStyle w:val="BodyText"/><w:rPr><w:rStyle w:val="Hyperlink"/></w:rPr></w:pPr><w:r><w:rPr><w:rStyle w:val="Emphasis"/></w:rPr><w:t>vSphere High Availability Deployment Best Practices</w:t></w:r><w:r><w:rPr><w:rStyle w:val="Emphasis"/></w:rPr><w:br/></w:r><w:r><w:fldChar w:fldCharType="begin"/></w:r><w:r><w:instrText xml:space="preserve"> HYPERLINK "http://www.vmware.com/files/pdf/techpaper/vmw-vsphere-high-availability.pdf" </w:instrText></w:r><w:r><w:fldChar w:fldCharType="separate"/></w:r><w:r><w:rPr><w:rStyle w:val="Hyperlink"/></w:rPr><w:t>http://www.vmware.com/files/pdf/techpaper/vmw-vsphere-high-availability.pdf</w:t></w:r><w:r><w:fldChar w:fldCharType="end"/></w:r></w:p><w:p><w:pPr><w:pStyle w:val="BodyText"/><w:rPr><w:iCs/></w:rPr></w:pPr><w:r><w:rPr><w:rStyle w:val="Emphasis"/></w:rPr><w:t xml:space="preserve">vSphere Availability </w:t></w:r><w:r><w:t>guide</w:t></w:r><w:r><w:rPr><w:rStyle w:val="Hyperlink"/><w:i/></w:rPr><w:br/></w:r><w:r><w:fldChar w:fldCharType="begin"/></w:r><w:r><w:instrText xml:space="preserve"> HYPERLINK "http://pubs.vmware.com/vsphere-50/topic/com.vmware.ICbase/PDF/vsphere-esxi-vcenter-server-501-availability-guide.pdf" </w:instrText></w:r><w:r><w:fldChar w:fldCharType="separate"/></w:r><w:r><w:rPr><w:rStyle w:val="Hyperlink"/></w:rPr><w:t>http://pubs.vmware.com/vsphere-50/topic/com.vmware.ICbase/PDF/vsphere-esxi-vcenter-server-501-availability-guide.pdf</w:t></w:r><w:r><w:fldChar w:fldCharType="end"/></w:r></w:p>]]></item>
    <item id="dataquery.esxAdvancedConfigSettings.title">ESX Advanced Config Settings</item>
    <item id="esxAdvConfigConsistencyFinding.text">Advanced config setting '{CONFIG_KEY}' is configured inconsistently across ESX hosts in cluster '{NAME}'.</item>
    <item id="esxAdvConfigConsistencyObservation.text">{AFFECTED_OBJECTS_COUNT} cluster(s) have host advanced parameter settings configured inconsistently across ESX hosts.</item>
</resourceMap>