<?xml version="1.0" encoding="UTF-8" standalone="yes"?>
<resourceMap bestPracticeId="CO-019">
    <item id="title">CO-019</item>
    <item id="recommendation">Disconnect or disable unused or unnecessary physical hardware devices (COM/LPT ports, USB/storage controllers, CD/DVD/floppy, NICs).</item>
    <item id="justification"><![CDATA[To improve overall performance, disconnect or disable unused or unnecessary physical hardware devices such as:<UL><LI>COM ports.</LI><LI>LPT ports.</LI><LI>USB controllers.</LI><LI>Floppy drivers.</LI><LI>Optical drives (that is, CD or DVD drives).</LI><LI>Network interfaces.</LI><LI>Storage controllers.</LI></UL><P></P>Disabling hardware devices (typically done in BIOS) can free interrupt resources. Also, devices such as USB controllers operate on a polling scheme that consumes extra CPU resources. Some PCI devices reserve blocks of memory, making more memory unavailable to ESX/ESXi. Also, if connected, prevent their unauthorized removal or modification.<P></P><P></P><B>References: </B><P></P><P></P>&quot;VM&quot; tab in <I>vSphere Security Hardening Guide</I><br/><A TARGET="_blank" HREF="http://communities.vmware.com/docs/DOC-19605">http://communities.vmware.com/docs/DOC-19605</A><P></P><P></P><I>Performance Best Practices for VMware vSphere 5.0<br/></I><A TARGET="_blank" HREF="http://www.vmware.com/pdf/Perf_Best_Practices_vSphere5.0.pdf">http://www.vmware.com/pdf/Perf_Best_Practices_vSphere5.0.pdf</A><P></P><P></P><I>Performance Best Practices for VMware vSphere 4.1<br/></I><A TARGET="_blank" HREF="http://www.vmware.com/resources/techresources/10161">http://www.vmware.com/resources/techresources/10161</A>]]></item>
    <item id="justificationWordML"><![CDATA[<w:p><w:pPr><w:pStyle w:val="BodyText"/></w:pPr><w:r><w:t>To improve overall performance, disconnect or disable unused or unnecessary physical hardware devices such as:</w:t></w:r></w:p><w:p><w:pPr><w:pStyle w:val="BulletList1"/><w:spacing w:before="0" w:after="0"/><w:rPr><w:lang w:val="en-US"/></w:rPr></w:pPr><w:r><w:rPr><w:lang w:val="en-US"/></w:rPr><w:t>COM ports</w:t></w:r><w:r><w:rPr><w:lang w:val="en-US"/></w:rPr><w:t>.</w:t></w:r></w:p><w:p><w:pPr><w:pStyle w:val="BulletList1"/><w:spacing w:before="0" w:after="0"/><w:rPr><w:lang w:val="en-US"/></w:rPr></w:pPr><w:r><w:rPr><w:lang w:val="en-US"/></w:rPr><w:t>LPT ports</w:t></w:r><w:r><w:rPr><w:lang w:val="en-US"/></w:rPr><w:t>.</w:t></w:r></w:p><w:p><w:pPr><w:pStyle w:val="BulletList1"/><w:spacing w:before="0" w:after="0"/><w:rPr><w:lang w:val="en-US"/></w:rPr></w:pPr><w:r><w:rPr><w:lang w:val="en-US"/></w:rPr><w:t>USB controllers</w:t></w:r><w:r><w:rPr><w:lang w:val="en-US"/></w:rPr><w:t>.</w:t></w:r></w:p><w:p><w:pPr><w:pStyle w:val="BulletList1"/><w:spacing w:before="0" w:after="0"/><w:rPr><w:lang w:val="en-US"/></w:rPr></w:pPr><w:r><w:rPr><w:lang w:val="en-US"/></w:rPr><w:t>Floppy drivers</w:t></w:r><w:r><w:rPr><w:lang w:val="en-US"/></w:rPr><w:t>.</w:t></w:r></w:p><w:p><w:pPr><w:pStyle w:val="BulletList1"/><w:spacing w:before="0" w:after="0"/><w:rPr><w:lang w:val="en-US"/></w:rPr></w:pPr><w:r><w:rPr><w:lang w:val="en-US"/></w:rPr><w:t>Optical drives (that is, CD or DVD drives)</w:t></w:r><w:r><w:rPr><w:lang w:val="en-US"/></w:rPr><w:t>.</w:t></w:r></w:p><w:p><w:pPr><w:pStyle w:val="BulletList1"/><w:spacing w:before="0" w:after="0"/><w:rPr><w:lang w:val="en-US"/></w:rPr></w:pPr><w:r><w:rPr><w:lang w:val="en-US"/></w:rPr><w:t>Network interfaces</w:t></w:r><w:r><w:rPr><w:lang w:val="en-US"/></w:rPr><w:t>.</w:t></w:r></w:p><w:p><w:pPr><w:pStyle w:val="BulletList1"/><w:spacing w:before="0" w:after="0"/><w:rPr><w:lang w:val="en-US"/></w:rPr></w:pPr><w:r><w:rPr><w:lang w:val="en-US"/></w:rPr><w:t>Storage controllers</w:t></w:r><w:r><w:rPr><w:lang w:val="en-US"/></w:rPr><w:t>.</w:t></w:r></w:p><w:p><w:pPr><w:pStyle w:val="BodyText"/></w:pPr><w:r><w:t>Disabling hardware devices (typically done in BIOS) can free interrupt resources. Also, devices such as USB controllers operate on a polling scheme that consumes extra CPU resources. Some PCI devices reserve blocks of memory, making more memory unavailable to ESX/ESXi.</w:t></w:r><w:r><w:t xml:space="preserve"> Also</w:t></w:r><w:r><w:t>,</w:t></w:r><w:r><w:t xml:space="preserve"> if connected, prevent their unauthorized removal or modification</w:t></w:r><w:r><w:t>.</w:t></w:r></w:p><w:p><w:r><w:rPr><w:b/></w:rPr><w:t xml:space="preserve">References: </w:t></w:r></w:p><w:p><w:pPr><w:rPr><w:rStyle w:val="Emphasis"/></w:rPr></w:pPr><w:r><w:t>"VM"</w:t></w:r><w:r><w:t xml:space="preserve"> tab in </w:t></w:r><w:r><w:rPr><w:rStyle w:val="Emphasis"/></w:rPr><w:t>vSphere Security Hardening Guide</w:t></w:r><w:r><w:br/></w:r><w:r><w:fldChar w:fldCharType="begin"/></w:r><w:r><w:instrText xml:space="preserve"> HYPERLINK "http://communities.vmware.com/docs/DOC-19605" </w:instrText></w:r><w:r><w:fldChar w:fldCharType="separate"/></w:r><w:r><w:rPr><w:rStyle w:val="Hyperlink"/></w:rPr><w:t>http://communities.vmware.com/docs/DOC-19605</w:t></w:r><w:r><w:fldChar w:fldCharType="end"/></w:r></w:p><w:p><w:r><w:rPr><w:rStyle w:val="Emphasis"/></w:rPr><w:t>Performance Best Practices for VMware vSphere 5.0</w:t></w:r><w:r><w:rPr><w:rStyle w:val="Emphasis"/></w:rPr><w:br/></w:r><w:r><w:fldChar w:fldCharType="begin"/></w:r><w:r><w:instrText xml:space="preserve"> HYPERLINK "http://www.vmware.com/pdf/Perf_Best_Practices_vSphere5.0.pdf" </w:instrText></w:r><w:r><w:fldChar w:fldCharType="separate"/></w:r><w:r><w:rPr><w:rStyle w:val="Hyperlink"/></w:rPr><w:t>http://www.vmware.com/pdf/Perf_Best_Practices_vSphere5.0.pdf</w:t></w:r><w:r><w:fldChar w:fldCharType="end"/></w:r></w:p><w:p><w:pPr><w:pStyle w:val="BodyText"/><w:rPr><w:color w:val="0000FF"/><w:u w:val="single"/></w:rPr></w:pPr><w:r><w:rPr><w:rStyle w:val="Emphasis"/></w:rPr><w:t>Performance Best Practices for VMware vSphere 4.1</w:t></w:r><w:r><w:rPr><w:rStyle w:val="Emphasis"/></w:rPr><w:br/></w:r><w:r><w:fldChar w:fldCharType="begin"/></w:r><w:r><w:instrText xml:space="preserve"> HYPERLINK "http://www.vmware.com/resources/techresources/10161" </w:instrText></w:r><w:r><w:fldChar w:fldCharType="separate"/></w:r><w:r><w:rPr><w:rStyle w:val="Hyperlink"/></w:rPr><w:t>http://www.vmware.com/resources/techresources/10161</w:t></w:r><w:r><w:fldChar w:fldCharType="end"/></w:r></w:p>]]></item>
</resourceMap>
