<?xml version="1.0" encoding="UTF-8" standalone="yes"?>
<resourceMap bestPracticeId="CO-024">
    <item id="title">CO-024</item>
    <item id="recommendation">Verify that pCPU 0 utilization is not too high compared to overall host usage (ESX only).</item>
    <item id="justification"><![CDATA[In VMware ESX 4.0 and earlier, excessive activity in the service console can, in rare cases, impact the performance of running virtual machines. This does not apply for ESXi.<P></P><P></P>Check for pCPU imbalance by inspecting the usage on pCPU 0. If it is above 75%, and is more than 20% greater than the overall host usage, this could be an indication of high utilization on pCPU 0 due to management agents running in the service console. This might require reducing the number of management agents running in the service console.<P></P><P></P><B>References: </B><P></P><P></P><I>vSphere Monitoring and Performance 5.1<br/></I><A TARGET="_blank" HREF="http://pubs.vmware.com/vsphere-51/topic/com.vmware.ICbase/PDF/vsphere-esxi-vcenter-server-51-monitoring-performance-guide.pdf">http://pubs.vmware.com/vsphere-51/topic/com.vmware.ICbase/PDF/vsphere-esxi-vcenter-server-51-monitoring-performance-guide.pdf</A><P></P><P></P><I>vSphere Troubleshooting 5.1</I><BR/><A href="http://pubs.vmware.com/vsphere-51/topic/com.vmware.ICbase/PDF/vsphere-esxi-vcenter-server-51-troubleshooting-guide.pdf">http://pubs.vmware.com/vsphere-51/topic/com.vmware.ICbase/PDF/vsphere-esxi-vcenter-server-51-troubleshooting-guide.pdf</A><P></P><P></P><I>Performance Troubleshooting for VMware vSphere 4.1</I><br/><A TARGET="_blank" HREF="http://communities.vmware.com/docs/DOC-14905">http://communities.vmware.com/docs/DOC-14905</A><P></P><P></P><I>VMware vSphere 4:The CPU Scheduler in VMware ESX 4<br/></I><A TARGET="_blank" HREF="http://www.vmware.com/resources/techresources/10059">http://www.vmware.com/resources/techresources/10059</A>]]></item>
    <item id="justificationWordML"><![CDATA[<w:p><w:pPr><w:pStyle w:val="BodyText"/></w:pPr><w:r><w:t>In VMware ESX 4.0 and earlier, excessive activity in the service console can</w:t></w:r><w:r><w:t>,</w:t></w:r><w:r><w:t xml:space="preserve"> in rare cases</w:t></w:r><w:r><w:t>,</w:t></w:r><w:r><w:t xml:space="preserve"> impact the performance of running virtual machines. This does not apply for ESXi.</w:t></w:r></w:p><w:p><w:pPr><w:pStyle w:val="BodyText"/><w:rPr><w:rFonts w:cs="Times New Roman"/></w:rPr></w:pPr><w:r><w:t>Check for pCPU imbalance by inspecting the usage on pCPU 0. If it is above 75%, and is more than 20% greater than the overall host usage, this could be an indication of high utilization on pCPU 0 due to management agents running in the service console. This might require reducing the number of management agents running in the service console.</w:t></w:r></w:p><w:p><w:r><w:rPr><w:b/></w:rPr><w:t xml:space="preserve">References: </w:t></w:r></w:p><w:p><w:r><w:rPr><w:rStyle w:val="Emphasis"/></w:rPr><w:t>vSphere Monitoring and Performance</w:t></w:r><w:r><w:rPr><w:rStyle w:val="Emphasis"/></w:rPr><w:t xml:space="preserve"> 5.1</w:t></w:r><w:r><w:rPr><w:rStyle w:val="Emphasis"/></w:rPr><w:br/></w:r><w:r><w:fldChar w:fldCharType="begin"/></w:r><w:r><w:instrText xml:space="preserve"> HYPERLINK "http://pubs.vmware.com/vsphere-51/topic/com.vmware.ICbase/PDF/vsphere-esxi-vcenter-server-51-monitoring-performance-guide.pdf" </w:instrText></w:r><w:r><w:fldChar w:fldCharType="separate"/></w:r><w:r><w:rPr><w:rStyle w:val="Hyperlink"/></w:rPr><w:t>http://pubs.vmware.com/vsphere-51/topic/com.vmware.ICbase/PDF/vsphere-esxi-vcenter-server-51-monitoring-performance-guide.pdf</w:t></w:r><w:r><w:fldChar w:fldCharType="end"/></w:r></w:p><w:p>
	<w:pPr>
		<w:pStyle w:val="BodyText"/>
		<w:rPr>
			<w:i/>
		</w:rPr>
	</w:pPr>
	<w:r>
		<w:rPr>
			<w:i/>
		</w:rPr>
		<w:t>vSphere Troubleshooting</w:t>
	</w:r>
	<w:r>
		<w:rPr>
			<w:i/>
		</w:rPr>
		<w:t xml:space="preserve"> 5.1</w:t>
	</w:r>
	<w:r>
		<w:rPr>
			<w:rStyle w:val="Emphasis"/>
		</w:rPr>
		<w:br/>
	</w:r>
	<w:r>
		<w:fldChar w:fldCharType="begin"/>
	</w:r>
	<w:r>
		<w:instrText xml:space="preserve"> HYPERLINK "http://pubs.vmware.com/vsphere-51/topic/com.vmware.ICbase/PDF/vsphere-esxi-vcenter-server-51-troubleshooting-guide.pdf" </w:instrText>
	</w:r>
	<w:r>
		<w:fldChar w:fldCharType="separate"/>
	</w:r>
	<w:r>
		<w:rPr>
			<w:rStyle w:val="Hyperlink"/>
		</w:rPr>
		<w:t>http://pubs.vmware.com/vsphere-51/topic/com.vmware.ICbase/PDF/vsphere-esxi-vcenter-server-51-troubleshooting-guide.pdf</w:t>
	</w:r>
	<w:r>
		<w:fldChar w:fldCharType="end"/>
	</w:r>
</w:p><w:p><w:pPr><w:rPr><w:rStyle w:val="Hyperlink"/></w:rPr></w:pPr><w:r><w:rPr><w:rStyle w:val="Emphasis"/></w:rPr><w:t>Performance Troubleshooting for VMware vSphere 4.1</w:t></w:r><w:r><w:br/></w:r><w:r><w:fldChar w:fldCharType="begin"/></w:r><w:r><w:instrText xml:space="preserve"> HYPERLINK "http://communities.vmware.com/docs/DOC-14905" </w:instrText></w:r><w:r><w:fldChar w:fldCharType="separate"/></w:r><w:r><w:rPr><w:rStyle w:val="Hyperlink"/></w:rPr><w:t>http://communities.vmware.com/docs/DOC-14905</w:t></w:r><w:r><w:fldChar w:fldCharType="end"/></w:r></w:p><w:p><w:pPr><w:pStyle w:val="BodyText"/><w:rPr><w:rFonts w:cs="Times New Roman"/></w:rPr></w:pPr><w:r><w:rPr><w:i/></w:rPr><w:t>VMware vSphere 4:The CPU Scheduler in VMware ESX 4</w:t></w:r><w:r><w:rPr><w:i/></w:rPr><w:br/></w:r><w:r><w:fldChar w:fldCharType="begin"/></w:r><w:r><w:instrText xml:space="preserve"> HYPERLINK "http://www.vmware.com/resources/techresources/10059" </w:instrText></w:r><w:r><w:fldChar w:fldCharType="separate"/></w:r><w:r><w:rPr><w:rStyle w:val="Hyperlink"/></w:rPr><w:t>http://www.vmware.com/resources/techresources/10059</w:t></w:r><w:r><w:fldChar w:fldCharType="end"/></w:r></w:p>]]></item>
</resourceMap>
