<?xml version="1.0" encoding="UTF-8" standalone="yes"?>
<resourceMap bestPracticeId="CO-020">
    <item id="title">CO-020</item>
    <item id="recommendation">Manage CPU oversubscription. Verify that the total CPU resources needed by virtual machines do not exceed the CPU capacity of the host.</item>
    <item id="justification"><![CDATA[When configuring virtual machines, the total CPU resources needed by the virtual machines running on the ESXi host should not exceed the capacity of the host. If the host CPU is overloaded, the performance of the individual virtual machines can degrade.<P></P><P></P>For vSphere DRS clusters, take into account the cluster level resources and oversubscription. For vSphere HA clusters, the host failure configuration must be taken into account.<P></P><P></P><B>References: </B><P></P><P></P><I><I>Performance Best Practices for VMware vSphere 5.5</I><br/><A TARGET="_blank" HREF="http://www.vmware.com/pdf/Perf_Best_Practices_vSphere5.5.pdf">http://www.vmware.com/pdf/Perf_Best_Practices_vSphere5.5.pdf</A></I><P></P><P></P><I>Performance Best Practices for VMware vSphere 5.1<br/></I><A TARGET="_blank" HREF="http://www.vmware.com/pdf/Perf_Best_Practices_vSphere5.1.pdf">http://www.vmware.com/pdf/Perf_Best_Practices_vSphere5.1.pdf</A><P></P><P></P><I>Performance Best Practices for VMware vSphere 5.0</I><br/><A TARGET="_blank" HREF="http://www.vmware.com/pdf/Perf_Best_Practices_vSphere5.0.pdf">http://www.vmware.com/pdf/Perf_Best_Practices_vSphere5.0.pdf</A>]]></item>
    <item id="justificationWordML"><![CDATA[<w:p><w:pPr><w:pStyle w:val="BodyText"/></w:pPr><w:r><w:t xml:space="preserve">When configuring virtual machines, the total CPU resources needed by the virtual machines running on the ESXi host should not exceed the capacity of the host. If the host CPU is overloaded, the performance of the individual virtual machines </w:t></w:r><w:r><w:t xml:space="preserve">can </w:t></w:r><w:r><w:t>degrade.</w:t></w:r></w:p><w:p><w:pPr><w:pStyle w:val="BodyText"/><w:rPr><w:rFonts w:cs="Times New Roman"/></w:rPr></w:pPr><w:r><w:t xml:space="preserve">For </w:t></w:r><w:r><w:t xml:space="preserve">vSphere </w:t></w:r><w:r><w:t>DRS clusters,</w:t></w:r><w:r><w:t xml:space="preserve"> take into account</w:t></w:r><w:r><w:t xml:space="preserve"> the cluster level resources and oversubscription. For </w:t></w:r><w:r><w:t xml:space="preserve">vSphere </w:t></w:r><w:r><w:t>HA clusters, the host failure configuration must be taken into account.</w:t></w:r></w:p><w:p><w:r><w:rPr><w:b/></w:rPr><w:t xml:space="preserve">References: </w:t></w:r></w:p><w:p><w:pPr><w:pStyle w:val="BodyText"/><w:rPr><w:color w:val="0000FF"/><w:u w:val="single"/></w:rPr></w:pPr><w:r><w:rPr><w:i/></w:rPr><w:t>Performance Best Practices for VMware vSphere 5.5</w:t></w:r><w:r><w:br/></w:r><w:r><w:fldChar w:fldCharType="begin"/></w:r><w:r><w:instrText xml:space="preserve"> HYPERLINK "http://www.vmware.com/pdf/Perf_Best_Practices_vSphere5.5.pdf" </w:instrText></w:r><w:r><w:fldChar w:fldCharType="separate"/></w:r><w:r><w:rPr><w:rStyle w:val="Hyperlink"/></w:rPr><w:t>http://www.vmware.com/pdf/Perf_Best_Practices_vSphere5.5.pdf</w:t></w:r><w:r><w:fldChar w:fldCharType="end"/></w:r></w:p><w:p><w:pPr><w:pStyle w:val="BodyText"/><w:rPr><w:rStyle w:val="Hyperlink"/></w:rPr></w:pPr><w:r><w:rPr><w:rStyle w:val="Emphasis"/></w:rPr><w:t>Performance Best Practices for VMware vSphere 5.1</w:t></w:r><w:r><w:rPr><w:rStyle w:val="Hyperlink"/><w:i/></w:rPr><w:br/></w:r><w:r><w:fldChar w:fldCharType="begin"/></w:r><w:r><w:instrText xml:space="preserve"> HYPERLINK "http://www.vmware.com/pdf/Perf_Best_Practices_vSphere5.1.pdf" </w:instrText></w:r><w:r><w:fldChar w:fldCharType="separate"/></w:r><w:r><w:rPr><w:rStyle w:val="Hyperlink"/></w:rPr><w:t>http://www.vmware.com/pdf/Perf_Best_Practices_vSphere5.1.pdf</w:t></w:r><w:r><w:fldChar w:fldCharType="end"/></w:r></w:p><w:p><w:pPr><w:pStyle w:val="BodyText"/><w:rPr><w:color w:val="0000FF"/><w:u w:val="single"/></w:rPr></w:pPr><w:r><w:rPr><w:i/></w:rPr><w:t>Performance Best Practices for VMware vSphere 5.0</w:t></w:r><w:r><w:br/></w:r><w:r><w:fldChar w:fldCharType="begin"/></w:r><w:r><w:instrText xml:space="preserve"> HYPERLINK "http://www.vmware.com/pdf/Perf_Best_Practices_vSphere5.0.pdf" </w:instrText></w:r><w:r><w:fldChar w:fldCharType="separate"/></w:r><w:r><w:rPr><w:rStyle w:val="Hyperlink"/></w:rPr><w:t>http://www.vmware.com/pdf/Perf_Best_Practices_vSphere5.0.pdf</w:t></w:r><w:r><w:fldChar w:fldCharType="end"/></w:r></w:p>]]></item>
    <item id="dataquery.VmCpuSubscriptionInfo.title">VM CPU Subscription Info</item>
    <item id="vmTotalCpuReservationExceedsHostCpuFinding.text"><![CDATA[CPU reservation for all VMs exceeds the CPU capacity of ESX host '{NAME}'. ESX CPU capacity={CPU_CAPACITY} MHz. All VMs total CPU Reservation={TOTAL_VM_CPU_RESERVATION} MHz.]]></item>
    <item id="vmTotalCpuUsageExceedsHostCpuFinding.text"><![CDATA[CPU usage for all VMs exceeds the CPU capacity of ESX host '{NAME}'. ESX CPU capacity={CPU_CAPACITY} MHz. All VMs total CPU Usage={TOTAL_VM_CPU_USAGE} MHz.]]></item>
    <item id="vmTotalCpuReservationExceedsClusterCpuFinding.text"><![CDATA[CPU reservation for all VMs exceeds the CPU capacity of Cluster '{NAME}'. Cluster CPU capacity={CPU_CAPACITY} MHz. All VMs total CPU Reservation={TOTAL_VM_CPU_RESERVATION} MHz.]]></item>
    <item id="vmTotalCpuUsageExceedsClusterCpuFinding.text"><![CDATA[CPU usage for all VMs exceeds the CPU capacity of Cluster '{NAME}'. Cluster CPU capacity={CPU_CAPACITY} MHz. All VMs total CPU Usage={TOTAL_VM_CPU_USAGE} MHz.]]></item>
    <item id="vmTotalCpuReservationExceedsHostCpuObservation.text"><![CDATA[On {AFFECTED_OBJECTS_COUNT} host(s), the defined total reserved CPU for VMs exceeds the CPU capacity of the host.]]></item>
    <item id="vmTotalCpuUsageExceedsHostCpuObservation.text"><![CDATA[On {AFFECTED_OBJECTS_COUNT} host(s), the total CPU usage for VMs exceeds the CPU capacity of the host.]]></item>
    <item id="vmTotalCpuReservationExceedsClusterCpuObservation.text"><![CDATA[On {AFFECTED_OBJECTS_COUNT} cluster(s), the defined total reserved CPU for VMs exceeds the CPU capacity of the cluster.]]></item>
    <item id="vmTotalCpuUsageExceedsClusterCpuObservation.text"><![CDATA[On {AFFECTED_OBJECTS_COUNT} cluster(s), the total CPU usage for VMs exceeds the CPU capacity of the cluster.]]></item>
    <item id="vmCpuSubscriptionDisclaimer.text"><![CDATA[HealthAnalyzer only looks at point-in-time snapshots of VM performance statistics when considering whether CPU usage exceeds available capacity. This data may not be representative of peak or even typical usage patterns.]]></item>
</resourceMap>