<?xml version="1.0" encoding="UTF-8" standalone="yes"?>
<resourceMap bestPracticeId="CO-022">
    <item id="title">CO-022</item>
    <item id="recommendation">Monitor the ESX/ESXi hosts to verify that the CPU is not saturated or running with a sustained high CPU load.</item>
    <item id="justification"><![CDATA[Monitor CPU usage of the ESX/ESXi host.<P></P><P></P>If the load average is greater than or equal to the number of processors, the CPU is overloaded. Monitor the CPU usage percentage. If the CPU average for the ESX/ESXi host is above 75%, or if there are peaks in the graph above 90%, it is possible that there is host CPU saturation. High CPU usage does not necessarily indicate a performance problem.<P></P><P></P><B>References: </B><P></P><P></P>&quot;Check for Host CPU Saturation&quot; section in <I>Performance Troubleshooting for VMware vSphere 4.1<br/></I><A TARGET="_blank" HREF="http://communities.vmware.com/docs/DOC-14905">http://communities.vmware.com/docs/DOC-14905</A>]]></item>
    <item id="justificationWordML"><![CDATA[<w:p><w:pPr><w:pStyle w:val="BodyText"/></w:pPr><w:r><w:t>Monitor CPU usage of the ESX/ESXi host.</w:t></w:r></w:p><w:p><w:pPr><w:pStyle w:val="BodyText"/><w:rPr><w:rFonts w:cs="Times New Roman"/></w:rPr></w:pPr><w:r><w:t xml:space="preserve">If the load average is greater than or equal to the number of processors, the CPU is overloaded. Monitor the CPU usage percentage. If the CPU average for the ESX/ESXi host is above 75%, or if there are peaks in the graph above 90%, it is possible that there is host CPU saturation. High CPU usage </w:t></w:r><w:r><w:t xml:space="preserve">does </w:t></w:r><w:r><w:t>not necessarily indicat</w:t></w:r><w:r><w:t>e</w:t></w:r><w:r><w:t xml:space="preserve"> a performance problem.</w:t></w:r></w:p><w:p><w:r><w:rPr><w:b/></w:rPr><w:t xml:space="preserve">References: </w:t></w:r></w:p><w:p><w:pPr><w:pStyle w:val="BodyText"/><w:rPr><w:rFonts w:cs="Times New Roman"/></w:rPr></w:pPr><w:r><w:t>"</w:t></w:r><w:r><w:t>Check for Host CPU Saturation</w:t></w:r><w:r><w:t>"</w:t></w:r><w:r><w:t xml:space="preserve"> section in </w:t></w:r><w:r><w:rPr><w:rStyle w:val="Emphasis"/></w:rPr><w:t>Performance Troubleshooting for VMware vSphere 4.1</w:t></w:r><w:r><w:rPr><w:rStyle w:val="Emphasis"/></w:rPr><w:br/></w:r><w:r><w:fldChar w:fldCharType="begin"/></w:r><w:r><w:instrText xml:space="preserve"> HYPERLINK "http://communities.vmware.com/docs/DOC-14905" </w:instrText></w:r><w:r><w:fldChar w:fldCharType="separate"/></w:r><w:r><w:rPr><w:rStyle w:val="Hyperlink"/></w:rPr><w:t>http://communities.vmware.com/docs/DOC-14905</w:t></w:r><w:r><w:fldChar w:fldCharType="end"/></w:r></w:p>]]></item>
</resourceMap>
