<?xml version="1.0" encoding="UTF-8" standalone="yes"?>
<resourceMap bestPracticeId="CO-016">
    <item id="title">CO-016</item>
    <item id="recommendation">Configure Local Tech Support Mode (TSM) per customer security and manageability requirements (ESXi only).</item>
    <item id="justification"><![CDATA[Local Tech Support Mode enables a command-line interface on the ESX host that may be accessed directly from the local host console.<P></P><P></P>The correct setting for this feature depends on customer requirements that weigh manageability against security. If increased manageability is the priority, enable Local Tech Support Mode. If security concerns are more important than the manageability gains, disable Local Tech Support Mode.]]></item>
    <item id="justificationWordML"><![CDATA[<w:p><w:pPr><w:pStyle w:val="BodyText"/></w:pPr><w:r><w:t>Local Tech Support Mode enables a command-line interface on the ESX host that may be accessed directly from the local host console.</w:t></w:r></w:p><w:p><w:pPr><w:pStyle w:val="BodyText"/><w:rPr><w:rFonts w:cs="Times New Roman"/></w:rPr></w:pPr><w:r><w:t>The correct setting for this feature depends on customer requirements that weigh manageability against security. If increased manageability is the priority, enable Local Tech Support Mode. If security concerns are more important than the manageability gains, disable Local Tech Support Mode.</w:t></w:r></w:p>]]></item>
    <item id="LocalTSMEnabledFinding.text">Local Tech Support Mode has been enabled or configured to start automatically on host '{NAME}'.</item>
    <item id="LocalTSMEnabledObservation.text">Local Tech Support Mode has been enabled or configured to start automatically on {AFFECTED_OBJECTS_COUNT} host(s).</item>
</resourceMap>
