<?xml version="1.0" encoding="UTF-8" standalone="yes"?>
<resourceMap bestPracticeId="CO-021">
    <item id="title">CO-021</item>
    <item id="recommendation">When approaching the limit for the number of virtual machines on an ESX host, use CPU reservations to guarantee 100% CPU availability to the console (ESX only).</item>
    <item id="justification"><![CDATA[Check the Configuration Maximums document to determine the limits for the VMware virtual infrastructure.<P></P><P></P>When approaching the limits, or if the service console is not getting enough CPU resources, it is recommended that the ESX service console reservation be changed to 1500MHz to guarantee CPU resources for the ESX service console.<P></P><P></P><B>References: </B><P></P><P></P><I>Configuration Maximums (VMware vSphere 5.1)</I><br/><A href="https://www.vmware.com/pdf/vsphere5/r51/vsphere-51-configuration-maximums.pdf">https://www.vmware.com/pdf/vsphere5/r51/vsphere-51-configuration-maximums.pdf</A><P></P><P></P><I>Configuration Maximums (VMware vSphere 5.0) </I><br/><A TARGET="_blank" HREF="https://www.vmware.com/pdf/vsphere5/r50/vsphere-50-configuration-maximums.pdf">https://www.vmware.com/pdf/vsphere5/r50/vsphere-50-configuration-maximums.pdf</A><P></P><P></P><I>Performance Best Practices for VMware vSphere 5.0<br/></I><A TARGET="_blank" HREF="http://www.vmware.com/pdf/Perf_Best_Practices_vSphere5.0.pdf">http://www.vmware.com/pdf/Perf_Best_Practices_vSphere5.0.pdf</A><P></P><P></P><I>Configuration Maximums (VMware vSphere 4.1) </I><br/><A TARGET="_blank" HREF="http://www.vmware.com/pdf/vsphere4/r41/vsp_41_config_max.pdf">http://www.vmware.com/pdf/vsphere4/r41/vsp_41_config_max.pdf</A><P></P><P></P><I>Performance Best Practices for VMware vSphere 4.1</I><br/><A TARGET="_blank" HREF="http://www.vmware.com/resources/techresources/10161">http://www.vmware.com/resources/techresources/10161</A>]]></item>
    <item id="justificationWordML"><![CDATA[<w:p><w:pPr><w:pStyle w:val="BodyText"/></w:pPr><w:r><w:t xml:space="preserve">Check the Configuration Maximums document to determine the limits for the </w:t></w:r><w:r><w:t xml:space="preserve">VMware </w:t></w:r><w:r><w:t>virtual infrastructure.</w:t></w:r></w:p><w:p><w:pPr><w:pStyle w:val="BodyText"/><w:rPr><w:rFonts w:cs="Times New Roman"/></w:rPr></w:pPr><w:r><w:t>When approaching the limits, or if the service console is not getting enough CPU resources, it is recommended that the ESX service console reservation be changed to 1500MHz to guarantee CPU resources for the ESX service console.</w:t></w:r></w:p><w:p><w:r><w:rPr><w:b/></w:rPr><w:t xml:space="preserve">References: </w:t></w:r></w:p><w:p><w:pPr><w:pStyle w:val="BodyText"/><w:rPr><w:rStyle w:val="Emphasis"/><w:rFonts w:cs="Times New Roman"/></w:rPr></w:pPr><w:r><w:rPr><w:rStyle w:val="Emphasis"/></w:rPr><w:t>Configuration Maximums (VMware vSphere 5.</w:t></w:r><w:r><w:rPr><w:rStyle w:val="Emphasis"/></w:rPr><w:t>1</w:t></w:r><w:r><w:rPr><w:rStyle w:val="Emphasis"/></w:rPr><w:t>)</w:t></w:r><w:r><w:rPr><w:rStyle w:val="Emphasis"/><w:rFonts w:cs="Times New Roman"/></w:rPr><w:br/></w:r><w:r><w:fldChar w:fldCharType="begin"/></w:r><w:r><w:instrText xml:space="preserve"> HYPERLINK "https://www.vmware.com/pdf/vsphere5/r51/vsphere-51-configuration-maximums.pdf" </w:instrText></w:r><w:r><w:fldChar w:fldCharType="separate"/></w:r><w:r><w:rPr><w:rStyle w:val="Hyperlink"/></w:rPr><w:t>https://www.vmware.com/pdf/vsphere5/r51/vsphere-51-configuration-maximums.pdf</w:t></w:r><w:r><w:fldChar w:fldCharType="end"/></w:r></w:p><w:p><w:pPr><w:rPr><w:rStyle w:val="Hyperlink"/></w:rPr></w:pPr><w:r><w:rPr><w:rStyle w:val="Emphasis"/><w:rFonts w:cs="Times New Roman"/></w:rPr><w:t xml:space="preserve">Configuration Maximums </w:t></w:r><w:r><w:rPr><w:rStyle w:val="Emphasis"/><w:rFonts w:cs="Times New Roman"/></w:rPr><w:t>(VMware</w:t></w:r><w:r><w:rPr><w:rStyle w:val="Emphasis"/><w:rFonts w:cs="Times New Roman"/></w:rPr><w:t xml:space="preserve"> vSphere 5</w:t></w:r><w:r><w:rPr><w:rStyle w:val="Emphasis"/><w:rFonts w:cs="Times New Roman"/></w:rPr><w:t>.0)</w:t></w:r><w:r><w:rPr><w:rStyle w:val="Emphasis"/><w:rFonts w:cs="Times New Roman"/></w:rPr><w:br/></w:r><w:r><w:fldChar w:fldCharType="begin"/></w:r><w:r><w:instrText xml:space="preserve"> HYPERLINK "https://www.vmware.com/pdf/vsphere5/r50/vsphere-50-configuration-maximums.pdf" </w:instrText></w:r><w:r><w:fldChar w:fldCharType="separate"/></w:r><w:r><w:rPr><w:rStyle w:val="Hyperlink"/></w:rPr><w:t>https://www.vmware.com/pdf/vsphere5/r50/vsphere-50-configuration-maximums.pdf</w:t></w:r><w:r><w:fldChar w:fldCharType="end"/></w:r></w:p><w:p><w:pPr><w:rPr><w:rStyle w:val="Hyperlink"/></w:rPr></w:pPr><w:r><w:rPr><w:rStyle w:val="Emphasis"/></w:rPr><w:t>Performance Best Practices for VMware vSphere 5.0</w:t></w:r><w:r><w:rPr><w:rStyle w:val="Hyperlink"/><w:i/></w:rPr><w:br/></w:r><w:r><w:fldChar w:fldCharType="begin"/></w:r><w:r><w:instrText xml:space="preserve"> HYPERLINK "http://www.vmware.com/pdf/Perf_Best_Practices_vSphere5.0.pdf" </w:instrText></w:r><w:r><w:fldChar w:fldCharType="separate"/></w:r><w:r><w:rPr><w:rStyle w:val="Hyperlink"/></w:rPr><w:t>http://www.vmware.com/pdf/Perf_Best_Practices_vSphere5.0.pdf</w:t></w:r><w:r><w:fldChar w:fldCharType="end"/></w:r></w:p><w:p><w:pPr><w:rPr><w:i/></w:rPr></w:pPr><w:r><w:rPr><w:rStyle w:val="Emphasis"/></w:rPr><w:t>Configuration Maximums (VMware vSphere 4.1)</w:t></w:r><w:r><w:rPr><w:rStyle w:val="Emphasis"/></w:rPr><w:br/></w:r><w:r><w:fldChar w:fldCharType="begin"/></w:r><w:r><w:instrText xml:space="preserve"> HYPERLINK "http://www.vmware.com/pdf/vsphere4/r41/vsp_41_config_max.pdf" </w:instrText></w:r><w:r><w:fldChar w:fldCharType="separate"/></w:r><w:r><w:rPr><w:rStyle w:val="Hyperlink"/></w:rPr><w:t>http://www.vmware.com/pdf/vsphere4/r41/vsp_41_config_max.pdf</w:t></w:r><w:r><w:fldChar w:fldCharType="end"/></w:r></w:p><w:p><w:pPr><w:pStyle w:val="BodyText"/><w:rPr><w:color w:val="0000FF"/><w:u w:val="single"/></w:rPr></w:pPr><w:r><w:rPr><w:rStyle w:val="Emphasis"/></w:rPr><w:t>Performance Best Practices for VMware vSphere 4.1</w:t></w:r><w:r><w:br/></w:r><w:r><w:fldChar w:fldCharType="begin"/></w:r><w:r><w:instrText xml:space="preserve"> HYPERLINK "http://www.vmware.com/resources/techresources/10161" </w:instrText></w:r><w:r><w:fldChar w:fldCharType="separate"/></w:r><w:r><w:rPr><w:rStyle w:val="Hyperlink"/></w:rPr><w:t>http://www.vmware.com/resources/techresources/10161</w:t></w:r><w:r><w:fldChar w:fldCharType="end"/></w:r></w:p>]]></item>
    <item id="dataquery.hostServiceConsoleReservationSummary.title">Service Console Reservation Summary</item>
    <item id="dataquery.systemResourcesSummary.title">System Resources Summary</item>
    <item id="limitedCPUAvailabilityFinding.text">Host '{NAME}' in cluster '{Cluster}' is approaching the limit for the number of  VMs ({TOTAL_VMS_ON_HOST} of {TOTAL_ALLOWED_VMS_ON_HOST}) but the service console reservation is set to {SERVICE_CONSOLE_RESERVED_CPU} MHz (recommended value is 1500 MHz).</item>
    <item id="limitedCPUAvailabilityObservation.text">{{AFFECTED_OBJECTS_COUNT} host(s) that are approaching the limit for the number of VMs have less than the recommended 1500 MHz service console CPU reservation.</item>
</resourceMap>
