<?xml version="1.0" encoding="UTF-8" standalone="yes"?>
<resourceMap bestPracticeId="CO-023">
    <item id="title">CO-023</item>
    <item id="recommendation">Check virtual machines to verify that CPU ready is less than 2000ms.</item>
    <item id="justification"><![CDATA[To search for potential problems, use the vSphere Client and select the host, then the Virtual Machines tab. Sort by the Host CPU MHz column to determine the virtual machine with the highest CPU usage. Then look at the Ready metric from the CPU category of the Advanced performance charts.<P></P><P></P>If CPU ready is greater than 2000ms for any vCPU object, it could be an indication of host CPU saturation which might require one or more of the following approaches to resolve the issue:<UL><LI>Reduce the number of virtual machines running on the host.</LI><LI>Increase the available CPU resources by adding the host to a vSphere DRS cluster.</LI><LI>Increase the efficiency with which virtual machines use CPU resources.</LI><LI>Use resource controls to direct available resources to critical virtual machines</LI></UL><P></P><B>References: </B><P></P><P></P><I>Performance Troubleshooting for VMware vSphere 4.1</I><br/><A TARGET="_blank" HREF="http://communities.vmware.com/docs/DOC-14905">http://communities.vmware.com/docs/DOC-14905</A>]]></item>
    <item id="justificationWordML"><![CDATA[<w:p><w:pPr><w:pStyle w:val="BodyText"/></w:pPr><w:r><w:t xml:space="preserve">To search for potential problems, use the vSphere </w:t></w:r><w:r><w:t xml:space="preserve">Client </w:t></w:r><w:r><w:t>and select the host, then the</w:t></w:r><w:r><w:rPr><w:rStyle w:val="BodyTextChar"/></w:rPr><w:t xml:space="preserve"> </w:t></w:r><w:r><w:rPr><w:rStyle w:val="UserInterfaceChar"/></w:rPr><w:t>Virtual Machines</w:t></w:r><w:r><w:rPr><w:rStyle w:val="BodyTextChar"/></w:rPr><w:t xml:space="preserve"> ta</w:t></w:r><w:r><w:t xml:space="preserve">b. Sort by the </w:t></w:r><w:r><w:rPr><w:rStyle w:val="UserInterfaceChar"/></w:rPr><w:t>Host CPU MHz</w:t></w:r><w:r><w:t xml:space="preserve"> column to determine the virtual machine with the highest CPU usage. Then look at the </w:t></w:r><w:r><w:rPr><w:rStyle w:val="UserInterfaceChar"/></w:rPr><w:t>Ready</w:t></w:r><w:r><w:t xml:space="preserve"> metric from the CPU category of the </w:t></w:r><w:r><w:rPr><w:rStyle w:val="UserInterfaceChar"/></w:rPr><w:t>Advanced</w:t></w:r><w:r><w:t xml:space="preserve"> performance charts.</w:t></w:r></w:p><w:p><w:pPr><w:pStyle w:val="BodyText"/></w:pPr><w:r><w:t>If CPU ready is greater than 2000ms for any vCPU object, it could be an indication of host CPU saturation which might require one or more of the following approaches to resolve the issue:</w:t></w:r></w:p><w:p><w:pPr><w:pStyle w:val="BulletList1"/><w:rPr><w:lang w:val="en-US"/></w:rPr></w:pPr><w:r><w:rPr><w:lang w:val="en-US"/></w:rPr><w:t>Reduce the number of virtual machines running on the host.</w:t></w:r></w:p><w:p><w:pPr><w:pStyle w:val="BulletList1"/><w:rPr><w:lang w:val="en-US"/></w:rPr></w:pPr><w:r><w:rPr><w:lang w:val="en-US"/></w:rPr><w:t xml:space="preserve">Increase the available CPU resources by adding the host to a </w:t></w:r><w:r><w:rPr><w:lang w:val="en-US"/></w:rPr><w:t xml:space="preserve">vSphere </w:t></w:r><w:r><w:rPr><w:lang w:val="en-US"/></w:rPr><w:t>DRS cluster.</w:t></w:r></w:p><w:p><w:pPr><w:pStyle w:val="BulletList1"/><w:rPr><w:lang w:val="en-US"/></w:rPr></w:pPr><w:r><w:rPr><w:lang w:val="en-US"/></w:rPr><w:t>Increase the efficiency with which virtual machines use CPU resources.</w:t></w:r></w:p><w:p><w:pPr><w:pStyle w:val="BulletList1"/><w:rPr><w:rFonts w:cs="Times New Roman"/><w:lang w:val="en-US"/></w:rPr></w:pPr><w:r><w:rPr><w:lang w:val="en-US"/></w:rPr><w:t>Use resource controls to direct available resources to critical virtual machines</w:t></w:r></w:p><w:p><w:r><w:rPr><w:b/></w:rPr><w:t xml:space="preserve">References: </w:t></w:r></w:p><w:p><w:pPr><w:pStyle w:val="BodyText"/><w:rPr><w:rFonts w:cs="Times New Roman"/></w:rPr></w:pPr><w:r><w:rPr><w:rStyle w:val="Emphasis"/></w:rPr><w:t>Performance Troubleshooting for VMware vSphere 4.1</w:t></w:r><w:r><w:br/></w:r><w:r><w:fldChar w:fldCharType="begin"/></w:r><w:r><w:instrText xml:space="preserve"> HYPERLINK "http://communities.vmware.com/docs/DOC-14905" </w:instrText></w:r><w:r><w:fldChar w:fldCharType="separate"/></w:r><w:r><w:rPr><w:rStyle w:val="Hyperlink"/></w:rPr><w:t>http://communities.vmware.com/docs/DOC-14905</w:t></w:r><w:r><w:fldChar w:fldCharType="end"/></w:r></w:p>]]></item>
</resourceMap>
