<?xml version="1.0" encoding="UTF-8" standalone="yes"?>
<resourceMap bestPracticeId="CO-014">
    <item id="title">CO-014</item>
    <item id="recommendation">Use remote syslog logging to improve manageability.</item>
    <item id="justification"><![CDATA[Remote logging to a central host (syslog server) provides a way to greatly improve administration and management. By gathering files on a central server, you can easily monitor all hosts and perform event correlation, aggregate analysis, and make root cause analysis easier for troubleshooting. Also, gathering the log files on a remote system allows keeping more historical information for postmortem analysis of compromised systems.<P></P><P></P>To collect syslog information, all the systems must have synchronized time so that events can be correlated. Also, log messages are not encrypted when sent to the remote host, so it is important that the network for the service console be isolated from other networks.<P></P><P></P><B>References: </B><P></P><P></P><I>vSphere Security Hardening Guide</I><br/><A TARGET="_blank" HREF="http://communities.vmware.com/docs/DOC-19605">http://communities.vmware.com/docs/DOC-19605</A>]]></item>
    <item id="justificationWordML"><![CDATA[<w:p><w:pPr><w:pStyle w:val="BodyText"/></w:pPr><w:r><w:t>Remote logging to a central host (syslog server) provides a way to greatly improve administration and management. By gathering files on a central server, you can easily monitor all hosts and perform event correlation, aggregate analysis, and make root cause analysis easier for troubleshooting. Also, gathering the log files on a remote system allows keeping more historical information for postmortem analysis of compromised systems.</w:t></w:r></w:p><w:p><w:pPr><w:pStyle w:val="BodyText"/><w:rPr><w:rFonts w:cs="Times New Roman"/></w:rPr></w:pPr><w:r><w:t xml:space="preserve">To collect syslog </w:t></w:r><w:r><w:t>information, all</w:t></w:r><w:r><w:t xml:space="preserve"> the systems </w:t></w:r><w:r><w:t xml:space="preserve">must </w:t></w:r><w:r><w:t>have synchronized time so that event</w:t></w:r><w:r><w:t>s can be</w:t></w:r><w:r><w:t xml:space="preserve"> </w:t></w:r><w:r><w:t>correlated</w:t></w:r><w:r><w:t xml:space="preserve">. </w:t></w:r><w:r><w:t>Also, l</w:t></w:r><w:r><w:t>og messages are not encrypted when sent to the remote host, so it is important that the network for the service console be isolated from other networks.</w:t></w:r></w:p><w:p><w:r><w:rPr><w:b/></w:rPr><w:t xml:space="preserve">References: </w:t></w:r></w:p><w:p><w:pPr><w:pStyle w:val="BodyText"/><w:rPr><w:rFonts w:cs="Times New Roman"/><w:i/><w:iCs/></w:rPr></w:pPr><w:r><w:rPr><w:rStyle w:val="Emphasis"/></w:rPr><w:t>vSphere Security Hardening Guide</w:t></w:r><w:r><w:rPr><w:rStyle w:val="Hyperlink"/><w:i/></w:rPr><w:br/></w:r><w:r><w:fldChar w:fldCharType="begin"/></w:r><w:r><w:instrText xml:space="preserve"> HYPERLINK "http://communities.vmware.com/docs/DOC-19605" </w:instrText></w:r><w:r><w:fldChar w:fldCharType="separate"/></w:r><w:r><w:rPr><w:rStyle w:val="Hyperlink"/></w:rPr><w:t>http://communities.vmware.com/docs/DOC-19605</w:t></w:r><w:r><w:fldChar w:fldCharType="end"/></w:r></w:p>]]></item>
    <item id="dataquery.hostAdvancedConfigSummary.title">Host Advanced Config Summary</item>
    <item id="esxRemoteSysloggingNotConfiguredFinding.text">Syslog Remote Logging redirection is not configured for host '{NAME}'.</item>
    <item id="esxRemoteSysloggingNotEnabledFinding.text">Syslog Remote Logging redirection is configured but not enabled for host '{NAME}'.</item>
    <item id="ntpNotConfiguredFinding.text">NTP Server is not configured in ESX host '{NAME}'.</item>
    <item id="ntpNotRunningFinding.text">NTP Server is not running in ESX host '{NAME}'.</item>
    <item id="esxRemoteSysloggingNotConfiguredObservation.text">Remote syslog logging is not configured for {AFFECTED_OBJECTS_COUNT} host(s).</item>
    <item id="esxRemoteSysloggingNotEnabledObservation.text">Remote syslog logging is configured but not enabled for {AFFECTED_OBJECTS_COUNT} host(s).</item>
    <item id="ntpNotConfiguredObservation.text">NTP Server is not configured in {AFFECTED_OBJECTS_COUNT} hosts(s).</item>
    <item id="ntpNotRunningObservation.text">NTP Server is not running in {AFFECTED_OBJECTS_COUNT} host(s).</item>
</resourceMap>
