<?xml version="1.0" encoding="UTF-8" standalone="yes"?>
<resourceMap bestPracticeId="CO-007">
    <item id="title">CO-007</item>
    <item id="recommendation">Maintain a similar version of ESX/ESXi within a cluster.</item>
    <item id="justification"><![CDATA[Having consistent and uniform versions or version families of ESX/ESXi within a cluster allows for easier management and helps to make troubleshooting easier by minimizing the number of variables. Maintaining a compatible version family of ESX/ESXi within a cluster allows use of features like vMotion, VMware vSphere Distributed Resource Scheduler (DRS), and FT. For example, FT requires that the hosts have the same version, build, and patch level.<P></P><P></P><B>References: </B><P></P><P></P><I>VMware SiteSurvey<br/></I><A TARGET="_blank" HREF="http://www.vmware.com/download/shared_utilities.html">http://www.vmware.com/download/shared_utilities.html</A>]]></item>
    <item id="justificationWordML"><![CDATA[<w:p><w:pPr><w:pStyle w:val="BodyText"/><w:rPr><w:rFonts w:cs="Times New Roman"/></w:rPr></w:pPr><w:r><w:t xml:space="preserve">Having consistent and uniform versions or version families of ESX/ESXi within a cluster allows for easier management and helps to make troubleshooting easier by minimizing the number of variables. Maintaining a compatible version family of ESX/ESXi within a cluster allows use of features like vMotion, VMware </w:t></w:r><w:r><w:t xml:space="preserve">vSphere </w:t></w:r><w:r><w:t>Distributed Resource Scheduler (DRS), and FT. For example, FT requires that the hosts have the same version, build</w:t></w:r><w:r><w:t>,</w:t></w:r><w:r><w:t xml:space="preserve"> and patch level.</w:t></w:r></w:p><w:p><w:r><w:rPr><w:b/></w:rPr><w:t xml:space="preserve">References: </w:t></w:r></w:p><w:p><w:pPr><w:pStyle w:val="BodyText"/><w:rPr><w:rFonts w:cs="Times New Roman"/></w:rPr></w:pPr><w:r><w:rPr><w:rStyle w:val="Emphasis"/></w:rPr><w:t>VMware SiteSurvey</w:t></w:r><w:r><w:rPr><w:rStyle w:val="Emphasis"/></w:rPr><w:br/></w:r><w:r><w:fldChar w:fldCharType="begin"/></w:r><w:r><w:instrText xml:space="preserve"> HYPERLINK "http://www.vmware.com/download/shared_utilities.html" </w:instrText></w:r><w:r><w:fldChar w:fldCharType="separate"/></w:r><w:r><w:rPr><w:rStyle w:val="Hyperlink"/></w:rPr><w:t>http://www.vmware.com/download/shared_utilities.html</w:t></w:r><w:r><w:fldChar w:fldCharType="end"/></w:r></w:p>]]></item>
    <item id="dataquery.hostVersionSummary.title">ESX Version Summary</item>
    <item id="clusterWithMixedESXVersionFinding.text">Cluster '{NAME}' has mixed versions of ESX. Number of ESX version sets={NUM_OF_DISTINCT_ESX_VERSIONS}.</item>
    <item id="clusterWithMixOfESXESXiFinding.text">Cluster '{NAME}' has mix of ESX and ESXi hosts.</item>
    <item id="clusterWithMixedESXVersionObservation.text">{AFFECTED_OBJECTS_COUNT} cluster(s) have mixed versions of ESX hosts.</item>
    <item id="clusterWithMixOfESXESXiObservation.text">{AFFECTED_OBJECTS_COUNT} cluster(s) have mix of ESX and ESXi hosts.</item>
</resourceMap>
