<?xml version="1.0" encoding="UTF-8" standalone="yes"?>
<resourceMap bestPracticeId="CO-008">
    <item id="title">CO-008</item>
    <item id="recommendation">Do not allow the ESX service console root file system to get full (ESX only).</item>
    <item id="justification"><![CDATA[If the ESX service console root file system is full, it can impact the availability of the service console, which in turn can impact the availability and performance of the virtual machines that are running on the ESX host.<P></P><P></P>Partition the ESX service console by allocating enough space and separating other partitions (especially <TT>/var </TT>and optionally <TT>/tmp</TT>) so that the root file system does not fill up. Because it is recommended not to install third-party agents, it is not necessary to separate <TT>/opt</TT> unless additional agents and log files will be placed in <TT>/opt</TT>. Also, it is recommended that users do not log in to the service console, so it is not necessary to separate <TT>/home</TT>.<P></P><P></P><B>References: </B><P></P><P></P><I>Performance Best Practices for VMware vSphere 4.1</I><br/><A TARGET="_blank" HREF="http://www.vmware.com/resources/techresources/10161">http://www.vmware.com/resources/techresources/10161</A>]]></item>
    <item id="justificationWordML"><![CDATA[<w:p><w:pPr><w:pStyle w:val="BodyText"/></w:pPr><w:r><w:t xml:space="preserve">If the ESX service console root file system </w:t></w:r><w:r><w:t xml:space="preserve">is </w:t></w:r><w:r><w:t>full, it can impact the availability of the service console</w:t></w:r><w:r><w:t>, which in turn</w:t></w:r><w:r><w:t xml:space="preserve"> can impact the availability and performance of the virtual machines that are running on the ESX host.</w:t></w:r></w:p><w:p><w:pPr><w:pStyle w:val="BodyText"/><w:rPr><w:rFonts w:cs="Times New Roman"/></w:rPr></w:pPr><w:r><w:t xml:space="preserve">Partition the ESX service console by allocating enough space and separating other partitions (especially </w:t></w:r><w:r><w:rPr><w:rStyle w:val="CommandFilename"/></w:rPr><w:t xml:space="preserve">/var </w:t></w:r><w:r><w:t xml:space="preserve">and optionally </w:t></w:r><w:r><w:rPr><w:rStyle w:val="CommandFilename"/></w:rPr><w:t>/tmp</w:t></w:r><w:r><w:t xml:space="preserve">) so that the root file system does not fill up. Because it is recommended not to install third-party agents, it is not necessary to separate </w:t></w:r><w:r><w:rPr><w:rStyle w:val="CommandFilename"/></w:rPr><w:t>/opt</w:t></w:r><w:r><w:t xml:space="preserve"> unless additional agents and log files will be placed in </w:t></w:r><w:r><w:rPr><w:rStyle w:val="CommandFilename"/></w:rPr><w:t>/opt</w:t></w:r><w:r><w:t>. Also, it is recommended that users do not log in</w:t></w:r><w:r><w:t xml:space="preserve"> </w:t></w:r><w:r><w:t xml:space="preserve">to the service console, so it is not necessary to separate </w:t></w:r><w:r><w:rPr><w:rStyle w:val="CommandFilename"/></w:rPr><w:t>/home</w:t></w:r><w:r><w:rPr><w:rStyle w:val="BodyTextChar"/></w:rPr><w:t>.</w:t></w:r></w:p><w:p><w:r><w:rPr><w:b/></w:rPr><w:t xml:space="preserve">References: </w:t></w:r></w:p><w:p><w:pPr><w:pStyle w:val="BodyText"/><w:rPr><w:color w:val="0000FF"/><w:u w:val="single"/></w:rPr></w:pPr><w:r><w:rPr><w:i/></w:rPr><w:t>Performance Best Practices for VMware vSphere 4.1</w:t></w:r><w:r><w:br/></w:r><w:r><w:fldChar w:fldCharType="begin"/></w:r><w:r><w:instrText xml:space="preserve"> HYPERLINK "http://www.vmware.com/resources/techresources/10161" </w:instrText></w:r><w:r><w:fldChar w:fldCharType="separate"/></w:r><w:r><w:rPr><w:rStyle w:val="Hyperlink"/></w:rPr><w:t>http://www.vmware.com/resources/techresources/10161</w:t></w:r><w:r><w:fldChar w:fldCharType="end"/></w:r></w:p>]]></item>
</resourceMap>
