<?xml version="1.0" encoding="UTF-8" standalone="yes"?>
<resourceMap bestPracticeId="CO-025">
    <item id="title">CO-025</item>
    <item id="recommendation">Use the latest processors that support hardware assisted virtualization.</item>
    <item id="justification"><![CDATA[Many recent processors from Intel and AMD include hardware features to assist virtualization. For the best performance, confirm that the ESX/ESXi hosts use the latest processors that support hardware assisted virtualization (CPU: Intel VT-x and AMD-V, MMU: Intel EPT and AMD RVI).<P></P><P></P><B>References: </B><P></P><P></P><I>Performance Best Practices for VMware vSphere 5.0<br/></I><A TARGET="_blank" HREF="http://www.vmware.com/pdf/Perf_Best_Practices_vSphere5.0.pdf">http://www.vmware.com/pdf/Perf_Best_Practices_vSphere5.0.pdf</A><P></P><P></P><I>Performance Best Practices for VMware vSphere 4.1</I><br/><A TARGET="_blank" HREF="http://www.vmware.com/resources/techresources/10161">http://www.vmware.com/resources/techresources/10161</A>]]></item>
    <item id="justificationWordML"><![CDATA[<w:p><w:pPr><w:pStyle w:val="BodyText"/><w:rPr><w:rFonts w:cs="Times New Roman"/></w:rPr></w:pPr><w:r><w:t xml:space="preserve">Many recent processors from Intel and AMD include hardware features to assist virtualization. For the best performance, </w:t></w:r><w:r><w:t>confirm that</w:t></w:r><w:r><w:t xml:space="preserve"> the ESX/ESXi hosts use the latest processors that support hardware assisted virtualization (CPU: Intel VT-x and AMD-V, MMU: Intel EPT and AMD RVI).</w:t></w:r></w:p><w:p><w:r><w:rPr><w:b/></w:rPr><w:t xml:space="preserve">References: </w:t></w:r></w:p><w:p><w:pPr><w:pStyle w:val="BodyText"/><w:rPr><w:rStyle w:val="Hyperlink"/></w:rPr></w:pPr><w:r><w:rPr><w:rStyle w:val="Emphasis"/></w:rPr><w:t>Performance Best Practices for VMware vSphere 5.0</w:t></w:r><w:r><w:rPr><w:rStyle w:val="Hyperlink"/><w:i/></w:rPr><w:br/></w:r><w:r><w:fldChar w:fldCharType="begin"/></w:r><w:r><w:instrText xml:space="preserve"> HYPERLINK "http://www.vmware.com/pdf/Perf_Best_Practices_vSphere5.0.pdf" </w:instrText></w:r><w:r><w:fldChar w:fldCharType="separate"/></w:r><w:r><w:rPr><w:rStyle w:val="Hyperlink"/></w:rPr><w:t>http://www.vmware.com/pdf/Perf_Best_Practices_vSphere5.0.pdf</w:t></w:r><w:r><w:fldChar w:fldCharType="end"/></w:r></w:p><w:p><w:pPr><w:pStyle w:val="BodyText"/><w:rPr><w:color w:val="0000FF"/><w:u w:val="single"/></w:rPr></w:pPr><w:r><w:rPr><w:i/></w:rPr><w:t>Performance Best Practices for VMware vSphere 4.1</w:t></w:r><w:r><w:br/></w:r><w:r><w:fldChar w:fldCharType="begin"/></w:r><w:r><w:instrText xml:space="preserve"> HYPERLINK "http://www.vmware.com/resources/techresources/10161" </w:instrText></w:r><w:r><w:fldChar w:fldCharType="separate"/></w:r><w:r><w:rPr><w:rStyle w:val="Hyperlink"/></w:rPr><w:t>http://www.vmware.com/resources/techresources/10161</w:t></w:r><w:r><w:fldChar w:fldCharType="end"/></w:r></w:p>]]></item>
</resourceMap>
