<?xml version="1.0" encoding="UTF-8" standalone="yes"?>
<resourceMap bestPracticeId="CO-004">
    <item id="title">CO-004</item>
    <item id="recommendation">Verify that hardware meets the optimal configuration supported by ESX/ESXi.</item>
    <item id="justification"><![CDATA[Hosts running ESX/ESXi require specific hardware and system resources. Check the product installation guide to verify that the CPU, memory, network adapters, storage adapters, RAID controllers, and disk drives meet the requirements supported by ESX/ESXi for proper production use.<P></P><P></P><B>References: </B><P></P><P></P>&quot;System Requirements&quot; section in the following documents:<P></P><P></P><B>Product and Version:</B> vSphere 5.1<br/><I>vSphere Installation and Setup</I><br/><A TARGET="_blank" HREF="http://tpub-review.eng.vmware.com:8080/vsphere_51/topic/com.vmware.ICbase/PDF/vsphere-esxi-vcenter-server-51-installation-setup-guide.pdf">http://tpub-review.eng.vmware.com:8080/vsphere_51/topic/com.vmware.ICbase/PDF/vsphere-esxi-vcenter-server-51-installation-setup-guide.pdf</A><P></P><P></P><B>Product and Version: </B>ESXi 5.0<br/><I>vSphere Installation and Setup</I><br/><A TARGET="_blank" HREF="http://pubs.vmware.com/vsphere-50/topic/com.vmware.ICbase/PDF/vsphere-esxi-vcenter-server-50-installation-setup-guide.pdf">http://pubs.vmware.com/vsphere-50/topic/com.vmware.ICbase/PDF/vsphere-esxi-vcenter-server-50-installation-setup-guide.pdf</A><P></P><P></P><B>Product and Version:</B> ESX/ESXi 4.1<br/><I>ESX and vCenter Server Installation Guide</I><br/><A TARGET="_blank" HREF="https://www.vmware.com/pdf/vsphere4/r41/vsp_41_esx_vc_installation_guide.pdf">https://www.vmware.com/pdf/vsphere4/r41/vsp_41_esx_vc_installation_guide.pdf</A>]]></item>
    <item id="justificationWordML"><![CDATA[<w:p><w:pPr><w:pStyle w:val="BodyText"/><w:rPr><w:rFonts w:cs="Times New Roman"/></w:rPr></w:pPr><w:r><w:t>Hosts running ESX/ESXi require specific hardware and system resources. Check the product installation guide to verify that the CPU, memory, network adapters, storage adapters, RAID controllers</w:t></w:r><w:r><w:t>,</w:t></w:r><w:r><w:t xml:space="preserve"> and disk drives meet the requirements supported by ESX/ESXi for proper production use.</w:t></w:r></w:p><w:p><w:r><w:rPr><w:b/></w:rPr><w:t xml:space="preserve">References: </w:t></w:r></w:p><w:p><w:pPr><w:pStyle w:val="BodyText"/></w:pPr><w:r><w:t>"</w:t></w:r><w:r><w:t>System Requirements</w:t></w:r><w:r><w:t>"</w:t></w:r><w:r><w:t xml:space="preserve"> section</w:t></w:r><w:r><w:t xml:space="preserve"> in the following documents</w:t></w:r><w:r><w:t>:</w:t></w:r></w:p><w:p><w:pPr><w:pStyle w:val="BodyText"/></w:pPr><w:r><w:rPr><w:b/></w:rPr><w:t xml:space="preserve">Product and Version:</w:t></w:r><w:r><w:t>vSphere 5.1</w:t></w:r><w:r><w:br/></w:r><w:r><w:rPr><w:rStyle w:val="Emphasis"/></w:rPr><w:t>vSphere Installation and Setup</w:t></w:r><w:r><w:br/></w:r><w:r><w:fldChar w:fldCharType="begin"/></w:r><w:r><w:instrText xml:space="preserve"> HYPERLINK "http://tpub-review.eng.vmware.com:8080/vsphere_51/topic/com.vmware.ICbase/PDF/vsphere-esxi-vcenter-server-51-installation-setup-guide.pdf" </w:instrText></w:r><w:r><w:fldChar w:fldCharType="separate"/></w:r><w:r><w:rPr><w:rStyle w:val="Hyperlink"/></w:rPr><w:t>http://tpub-review.eng.vmware.com:8080/vsphere_51/topic/com.vmware.ICbase/PDF/vsphere-esxi-vcenter-server-51-installation-setup-guide.pdf</w:t></w:r><w:r><w:fldChar w:fldCharType="end"/></w:r></w:p><w:p><w:pPr><w:pStyle w:val="BodyText"/></w:pPr><w:r><w:rPr><w:b/></w:rPr><w:t xml:space="preserve">Product and Version: </w:t></w:r><w:r><w:t>ESXi 5.0</w:t></w:r><w:r><w:br/></w:r><w:r><w:rPr><w:rStyle w:val="Emphasis"/></w:rPr><w:t>vSphere Installation and Setup</w:t></w:r><w:r><w:br/></w:r><w:r><w:fldChar w:fldCharType="begin"/></w:r><w:r><w:instrText xml:space="preserve"> HYPERLINK "http://pubs.vmware.com/vsphere-50/topic/com.vmware.ICbase/PDF/vsphere-esxi-vcenter-server-50-installation-setup-guide.pdf" </w:instrText></w:r><w:r><w:fldChar w:fldCharType="separate"/></w:r><w:r><w:rPr><w:rStyle w:val="Hyperlink"/></w:rPr><w:t>http://pubs.vmware.com/vsphere-50/topic/com.vmware.ICbase/PDF/vsphere-esxi-vcenter-server-50-installation-setup-guide.pdf</w:t></w:r><w:r><w:fldChar w:fldCharType="end"/></w:r></w:p><w:p><w:pPr><w:pStyle w:val="BodyText"/></w:pPr><w:r><w:rPr><w:b/></w:rPr><w:t>Product and Version:</w:t></w:r><w:r><w:t xml:space="preserve"> ESX/ESXi 4.1</w:t></w:r><w:r><w:br/></w:r><w:r><w:rPr><w:rStyle w:val="Emphasis"/></w:rPr><w:t>ESX and vCenter Server Installation Guide</w:t></w:r><w:r><w:br/></w:r><w:r><w:fldChar w:fldCharType="begin"/></w:r><w:r><w:instrText xml:space="preserve"> HYPERLINK "https://www.vmware.com/pdf/vsphere4/r41/vsp_41_esx_vc_installation_guide.pdf" </w:instrText></w:r><w:r><w:fldChar w:fldCharType="separate"/></w:r><w:r><w:rPr><w:rStyle w:val="Hyperlink"/></w:rPr><w:t>https://www.vmware.com/pdf/vsphere4/r41/vsp_41_esx_vc_installation_guide.pdf</w:t></w:r><w:r><w:fldChar w:fldCharType="end"/></w:r></w:p>]]></item>
    <item id="dataquery.HostSystemHealthInfo.title">System Health Summary</item>
    <item id="dataquery.HostHardwareHealthInfo.title">Hardware Health Summary</item>
</resourceMap>