<?xml version="1.0" encoding="UTF-8" standalone="yes"?>
<bestPracticeCatalogDefinition>
    <bestPracticeDefinitions>
        <bestPracticeDefinition id="CO-001"/>
        <bestPracticeDefinition id="CO-002"/>
        <bestPracticeDefinition id="CO-003"/>
        <bestPracticeDefinition id="CO-004"/>
        <bestPracticeDefinition id="CO-005"/>
        <bestPracticeDefinition id="CO-006"/>
        <bestPracticeDefinition id="CO-007"/>
        <bestPracticeDefinition id="CO-008"/>
        <bestPracticeDefinition id="CO-009"/>
        <bestPracticeDefinition id="CO-010"/>
        <bestPracticeDefinition id="CO-011"/>
        <bestPracticeDefinition id="CO-012"/>
        <bestPracticeDefinition id="CO-013"/>
        <bestPracticeDefinition id="CO-014"/>
        <bestPracticeDefinition id="CO-015"/>
        <bestPracticeDefinition id="CO-016"/>
        <bestPracticeDefinition id="CO-017"/>
        <bestPracticeDefinition id="CO-018"/>
        <bestPracticeDefinition id="CO-019"/>
        <bestPracticeDefinition id="CO-020"/>
        <bestPracticeDefinition id="CO-021"/>
        <bestPracticeDefinition id="CO-022"/>
        <bestPracticeDefinition id="CO-023"/>
        <bestPracticeDefinition id="CO-024"/>
        <bestPracticeDefinition id="CO-025"/>
        <bestPracticeDefinition id="CO-026"/>
        <bestPracticeDefinition id="CO-027"/>
        <bestPracticeDefinition id="CO-028"/>
        <bestPracticeDefinition id="CO-029"/>
        <bestPracticeDefinition id="CO-030"/>
        <bestPracticeDefinition id="CO-031"/>
        <bestPracticeDefinition id="CO-032"/>
        <bestPracticeDefinition id="NE-001"/>
        <bestPracticeDefinition id="NE-002"/>
        <bestPracticeDefinition id="NE-003"/>
        <bestPracticeDefinition id="NE-004"/>
        <bestPracticeDefinition id="NE-005"/>
        <bestPracticeDefinition id="NE-006"/>
        <bestPracticeDefinition id="NE-007"/>
        <bestPracticeDefinition id="NE-008"/>
        <bestPracticeDefinition id="NE-009"/>
        <bestPracticeDefinition id="NE-010"/>
        <bestPracticeDefinition id="NE-011"/>
        <bestPracticeDefinition id="NE-012"/>
        <bestPracticeDefinition id="NE-013"/>
        <bestPracticeDefinition id="NE-014"/>
        <bestPracticeDefinition id="NE-015"/>
        <bestPracticeDefinition id="NE-016"/>
        <bestPracticeDefinition id="NE-017"/>
        <bestPracticeDefinition id="NE-018"/>
        <bestPracticeDefinition id="NE-019"/>
        <bestPracticeDefinition id="NE-020"/>
        <bestPracticeDefinition id="NE-021"/>
        <bestPracticeDefinition id="NE-022"/>
        <bestPracticeDefinition id="NE-023"/>
        <bestPracticeDefinition id="NE-024"/>
        <bestPracticeDefinition id="NE-025"/>
        <bestPracticeDefinition id="NE-026"/>
        <bestPracticeDefinition id="NE-027"/>
        <bestPracticeDefinition id="NE-028"/>
        <bestPracticeDefinition id="NE-029"/>
        <bestPracticeDefinition id="ST-001"/>
        <bestPracticeDefinition id="ST-002"/>
        <bestPracticeDefinition id="ST-003"/>
        <bestPracticeDefinition id="ST-004"/>
        <bestPracticeDefinition id="ST-005"/>
        <bestPracticeDefinition id="ST-006"/>
        <bestPracticeDefinition id="ST-007"/>
        <bestPracticeDefinition id="ST-008"/>
        <bestPracticeDefinition id="ST-009"/>
        <bestPracticeDefinition id="ST-010"/>
        <bestPracticeDefinition id="ST-011"/>
        <bestPracticeDefinition id="ST-012"/>
        <bestPracticeDefinition id="ST-013"/>
        <bestPracticeDefinition id="ST-014"/>
        <bestPracticeDefinition id="ST-015"/>
        <bestPracticeDefinition id="ST-016"/>
        <bestPracticeDefinition id="ST-017"/>
        <bestPracticeDefinition id="ST-018"/>
        <bestPracticeDefinition id="ST-019"/>
        <bestPracticeDefinition id="ST-020"/>
        <bestPracticeDefinition id="ST-021"/>
        <bestPracticeDefinition id="ST-022"/>
        <bestPracticeDefinition id="ST-023"/>
        <bestPracticeDefinition id="DC-001"/>
        <bestPracticeDefinition id="DC-002"/>
        <bestPracticeDefinition id="DC-003"/>
        <bestPracticeDefinition id="DC-004"/>
        <bestPracticeDefinition id="DC-005"/>
        <bestPracticeDefinition id="DC-006"/>
        <bestPracticeDefinition id="DC-007"/>
        <bestPracticeDefinition id="DC-008"/>
        <bestPracticeDefinition id="DC-009"/>
        <bestPracticeDefinition id="DC-010"/>
        <bestPracticeDefinition id="DC-011"/>
        <bestPracticeDefinition id="DC-012"/>
        <bestPracticeDefinition id="DC-013"/>
        <bestPracticeDefinition id="DC-014"/>
        <bestPracticeDefinition id="DC-015"/>
        <bestPracticeDefinition id="DC-016"/>
        <bestPracticeDefinition id="DC-017"/>
        <bestPracticeDefinition id="DC-018"/>
        <bestPracticeDefinition id="DC-019"/>
        <bestPracticeDefinition id="DC-020"/>
        <bestPracticeDefinition id="DC-021"/>
        <bestPracticeDefinition id="DC-022"/>
        <bestPracticeDefinition id="DC-023"/>
        <bestPracticeDefinition id="DC-024"/>
        <bestPracticeDefinition id="DC-025"/>
        <bestPracticeDefinition id="DC-026"/>
        <bestPracticeDefinition id="DC-027"/>
        <bestPracticeDefinition id="DC-028"/>
        <bestPracticeDefinition id="DC-029"/>
        <bestPracticeDefinition id="DC-030"/>
        <bestPracticeDefinition id="VM-001"/>
        <bestPracticeDefinition id="VM-002"/>
        <bestPracticeDefinition id="VM-003"/>
        <bestPracticeDefinition id="VM-004"/>
        <bestPracticeDefinition id="VM-005"/>
        <bestPracticeDefinition id="VM-006"/>
        <bestPracticeDefinition id="VM-007"/>
        <bestPracticeDefinition id="VM-008"/>
        <bestPracticeDefinition id="VM-009"/>
        <bestPracticeDefinition id="VM-010"/>
        <bestPracticeDefinition id="VM-011"/>
        <bestPracticeDefinition id="VM-012"/>
        <bestPracticeDefinition id="VM-013"/>
        <bestPracticeDefinition id="VM-014"/>
        <bestPracticeDefinition id="VM-015"/>
        <bestPracticeDefinition id="VM-016"/>
        <bestPracticeDefinition id="VM-017"/>
        <bestPracticeDefinition id="VM-018"/>
        <bestPracticeDefinition id="VM-019"/>
        <bestPracticeDefinition id="VM-020"/>
        <bestPracticeDefinition id="VM-021"/>
        <bestPracticeDefinition id="VM-022"/>
        <bestPracticeDefinition id="VM-023"/>
        <bestPracticeDefinition id="VM-024"/>
        <bestPracticeDefinition id="VM-025"/>
        <bestPracticeDefinition id="VM-026"/>
        <bestPracticeDefinition id="VM-027"/>
        <bestPracticeDefinition id="VM-028"/>
    </bestPracticeDefinitions>
</bestPracticeCatalogDefinition>
