<?xml version="1.0" encoding="UTF-8" standalone="yes"?>
<resourceMap bestPracticeId="CO-002">
    <item id="title">CO-002</item>
    <item id="recommendation">Deploy ESX/ESXi in compliance with all configuration maximums as documented in the most current vSphere Configuration Maximums document.</item>
    <item id="justification"><![CDATA[VMware software is designed to function within specified operating parameters. If the software is implemented out of compliance with recommended specifications, unpredictable results can occur.<P></P><P></P><B>References: </B><P></P><P></P><I>Configuration Maximums (VMware vSphere 5.1)</I><br/><A TARGET="_blank" HREF="https://www.vmware.com/pdf/vsphere5/r51/vsphere-51-configuration-maximums.pdf">https://www.vmware.com/pdf/vsphere5/r51/vsphere-51-configuration-maximums.pdf</A><P></P><P></P><I>Configuration Maximums (VMware vSphere 5.0)<br/></I><A TARGET="_blank" HREF="https://www.vmware.com/pdf/vsphere5/r50/vsphere-50-configuration-maximums.pdf">https://www.vmware.com/pdf/vsphere5/r50/vsphere-50-configuration-maximums.pdf</A><P></P><P></P><I>Configuration Maximums (VMware vSphere 4.1)<br/></I><A TARGET="_blank" HREF="http://www.vmware.com/pdf/vsphere4/r41/vsp_41_config_max.pdf">http://www.vmware.com/pdf/vsphere4/r41/vsp_41_config_max.pdf</A>]]></item>
    <item id="justificationWordML"><![CDATA[<w:p><w:pPr><w:pStyle w:val="BodyText"/><w:rPr><w:rFonts w:cs="Times New Roman"/></w:rPr></w:pPr><w:r><w:t xml:space="preserve">VMware software is designed to function within specified operating parameters. </w:t></w:r><w:r><w:t>If</w:t></w:r><w:r><w:t xml:space="preserve"> the software is implemented out of compliance with recommended specifications, unpredictable results can occur.</w:t></w:r></w:p><w:p><w:r><w:rPr><w:b/></w:rPr><w:t xml:space="preserve">References: </w:t></w:r></w:p><w:p><w:pPr><w:pStyle w:val="BodyText"/><w:rPr><w:rStyle w:val="Emphasis"/></w:rPr></w:pPr><w:r><w:rPr><w:rStyle w:val="Emphasis"/></w:rPr><w:t>Configuration Maximums (VMware vSphere 5.</w:t></w:r><w:r><w:rPr><w:rStyle w:val="Emphasis"/></w:rPr><w:t>1</w:t></w:r><w:r><w:rPr><w:rStyle w:val="Emphasis"/></w:rPr><w:t>)</w:t></w:r><w:r><w:rPr><w:rStyle w:val="Hyperlink"/><w:i/></w:rPr><w:br/></w:r><w:r><w:fldChar w:fldCharType="begin"/></w:r><w:r><w:instrText xml:space="preserve"> HYPERLINK "https://www.vmware.com/pdf/vsphere5/r51/vsphere-51-configuration-maximums.pdf" </w:instrText></w:r><w:r><w:fldChar w:fldCharType="separate"/></w:r><w:r><w:rPr><w:rStyle w:val="Hyperlink"/></w:rPr><w:t>https://www.vmware.com/pdf/vsphere5/r51/vsphere-51-configuration-maximums.pdf</w:t></w:r><w:r><w:fldChar w:fldCharType="end"/></w:r></w:p><w:p><w:pPr><w:pStyle w:val="BodyText"/></w:pPr><w:r><w:rPr><w:rStyle w:val="Emphasis"/></w:rPr><w:t>Configuration Maximums (VMware vSphere 5.0)</w:t></w:r><w:r><w:rPr><w:rStyle w:val="Hyperlink"/><w:i/></w:rPr><w:br/></w:r><w:r><w:fldChar w:fldCharType="begin"/></w:r><w:r><w:instrText xml:space="preserve"> HYPERLINK "https://www.vmware.com/pdf/vsphere5/r50/vsphere-50-configuration-maximums.pdf" </w:instrText></w:r><w:r><w:fldChar w:fldCharType="separate"/></w:r><w:r><w:rPr><w:rStyle w:val="Hyperlink"/></w:rPr><w:t>https://www.vmware.com/pdf/vsphere5/r50/vsphere-50-configuration-maximums.pdf</w:t></w:r><w:r><w:fldChar w:fldCharType="end"/></w:r></w:p><w:p><w:pPr><w:pStyle w:val="BodyText"/><w:rPr><w:color w:val="0000FF"/><w:u w:val="single"/></w:rPr></w:pPr><w:r><w:rPr><w:rStyle w:val="Emphasis"/></w:rPr><w:t>Configuration Maximums (</w:t></w:r><w:r><w:rPr><w:rStyle w:val="Emphasis"/></w:rPr><w:t>VMware vSphere 4.1</w:t></w:r><w:r><w:rPr><w:rStyle w:val="Emphasis"/></w:rPr><w:t>)</w:t></w:r><w:r><w:rPr><w:rStyle w:val="Emphasis"/></w:rPr><w:br/></w:r><w:r><w:fldChar w:fldCharType="begin"/></w:r><w:r><w:instrText xml:space="preserve"> HYPERLINK "http://www.vmware.com/pdf/vsphere4/r41/vsp_41_config_max.pdf" </w:instrText></w:r><w:r><w:fldChar w:fldCharType="separate"/></w:r><w:r><w:rPr><w:rStyle w:val="Hyperlink"/></w:rPr><w:t>http://www.vmware.com/pdf/vsphere4/r41/vsp_41_config_max.pdf</w:t></w:r><w:r><w:fldChar w:fldCharType="end"/></w:r></w:p>]]></item>
    <item id="dataquery.VmSwapSummary.title">VM Swap Summary</item>
    <item id="dataquery.VmDiskSummary.title">VM Disk Summary</item>
    <item id="HostSystemConfigLimitsViolatedFinding.text"><![CDATA[{CONDITION_NAME} for '{NAME}' is {ACTUAL_VALUE} and does not comply with VMware defined limit of {BASELINE_VALUE}.]]></item>
    <item id="HostSystemConfigLimitsViolatedObservation.text"><![CDATA[{AFFECTED_OBJECTS_COUNT} ESX host(s) do(es) not comply with VMware defined configuration maximums.]]></item>
    <item id="HostSystemConfigLimitsViolatedDisclaimer.text"><![CDATA[HealthAnalyzer does not check all configuration maximum limits defined for ESX hosts.]]></item>
</resourceMap>
