<?xml version="1.0" encoding="UTF-8" standalone="yes"?>
<resourceMap bestPracticeId="CO-010">
    <item id="title">CO-010</item>
    <item id="recommendation">Place host devices in a consistent order and location.</item>
    <item id="justification"><![CDATA[Putting host devices in a consistent bus or slot for a particular type (vendor/model) facilitates automated installation and configuration, and makes administration and troubleshooting easier.<P></P><P></P>Separate storage adapters and network adapters on separate buses to reduce bus contention and improve performance. This does not apply for converged network adapters (CNA) with network and storage traffic.]]></item>
    <item id="justificationWordML"><![CDATA[<w:p><w:pPr><w:pStyle w:val="BodyText"/></w:pPr><w:r><w:t xml:space="preserve">Putting </w:t></w:r><w:r><w:t>host devices in a consistent bus or slot for a particular type (vendor/model) facilitates automated installation and configuration, and makes administration and troubleshooting easier.</w:t></w:r></w:p><w:p><w:pPr><w:pStyle w:val="BodyText"/><w:rPr><w:rFonts w:cs="Times New Roman"/></w:rPr></w:pPr><w:r><w:t>S</w:t></w:r><w:r><w:t xml:space="preserve">eparate storage adapters and network adapters on separate buses to reduce bus contention and improve performance. </w:t></w:r><w:r><w:t>T</w:t></w:r><w:r><w:t>his does not apply for converged network adapters (CNA) with network and storage traffic.</w:t></w:r></w:p>]]></item>
    <item id="dataquery.hostPnicHbaPciDetails.title">Host PNIC-HBA-PCI Details</item>

    <item id="nicSharingBusWithHbaFinding.text">PNIC(s) and HBA(s) are sharing the same bus in host '{NAME}'.</item>
    <item id="hbaDeviceOrderAspectMismatchFinding.text">Cluster '{NAME}' contains ESX hosts with inconsistent HBA bus/slot ordering.</item>
    <item id="nicDeviceOrderAspectMismatchFinding.text">Cluster '{NAME}' contains ESX hosts with inconsistent NIC bus/slot ordering.</item>

    <item id="nicSharingBusWithHbaObservation.text">{AFFECTED_OBJECTS_COUNT} host(s) have HBA(s) and NIC(s) sharing the same bus.</item>
    <item id="inconsistentHostHbaOrderObservation.text">{AFFECTED_OBJECTS_COUNT} cluster(s) have host HBA(s) configured inconsistently across ESX hosts.</item>
    <item id="inconsistentHostNicOrderObservation.text">{AFFECTED_OBJECTS_COUNT} cluster(s) have host NIC(s) configured inconsistently across ESX hosts.</item>
</resourceMap>